hour,symbol,price,__row_index
2025-01-14T15:00:00.000Z,ARB,0.721836,0
2025-01-14T15:00:00.000Z,CRV,0.828526,1
2025-01-14T15:00:00.000Z,DAI,0.998125,2
2025-01-14T15:00:00.000Z,LAVA,0.152429,3
2025-01-14T15:00:00.000Z,MAGIC,0.448058,4
2025-01-14T15:00:00.000Z,STG,0.394758,5
2025-01-14T15:00:00.000Z,USDC,0.999905,6
2025-01-14T15:00:00.000Z,USDC,0.997956,7
2025-01-14T15:00:00.000Z,USDT,0.998214,8
2025-01-14T15:00:00.000Z,ZRO,4.4,9
2025-01-14T14:00:00.000Z,ARB,0.714463,10
2025-01-14T14:00:00.000Z,CRV,0.812212,11
2025-01-14T14:00:00.000Z,DAI,1.001,12
2025-01-14T14:00:00.000Z,LAVA,0.151651,13
2025-01-14T14:00:00.000Z,MAGIC,0.444848,14
2025-01-14T14:00:00.000Z,STG,0.396248,15
2025-01-14T14:00:00.000Z,USDC,0.999899,16
2025-01-14T14:00:00.000Z,USDC,0.999978,17
2025-01-14T14:00:00.000Z,USDT,0.999945,18
2025-01-14T14:00:00.000Z,ZRO,4.34,19
2025-01-14T13:00:00.000Z,ARB,0.716695,20
2025-01-14T13:00:00.000Z,CRV,0.81921,21
2025-01-14T13:00:00.000Z,DAI,0.998728,22
2025-01-14T13:00:00.000Z,LAVA,0.153009,23
2025-01-14T13:00:00.000Z,MAGIC,0.444923,24
2025-01-14T13:00:00.000Z,STG,0.395254,25
2025-01-14T13:00:00.000Z,USDC,0.999902,26
2025-01-14T13:00:00.000Z,USDC,0.998882,27
2025-01-14T13:00:00.000Z,USDT,0.997545,28
2025-01-14T13:00:00.000Z,ZRO,4.37,29
2025-01-14T12:00:00.000Z,ARB,0.723656,30
2025-01-14T12:00:00.000Z,CRV,0.830925,31
2025-01-14T12:00:00.000Z,DAI,0.998059,32
2025-01-14T12:00:00.000Z,LAVA,0.155596,33
2025-01-14T12:00:00.000Z,MAGIC,0.449093,34
2025-01-14T12:00:00.000Z,STG,0.394923,35
2025-01-14T12:00:00.000Z,USDC,0.999894,36
2025-01-14T12:00:00.000Z,USDC,0.998026,37
2025-01-14T12:00:00.000Z,USDT,0.997393,38
2025-01-14T12:00:00.000Z,ZRO,4.42,39
2025-01-14T11:00:00.000Z,ARB,0.733228,40
2025-01-14T11:00:00.000Z,CRV,0.841074,41
2025-01-14T11:00:00.000Z,DAI,1.005,42
2025-01-14T11:00:00.000Z,LAVA,0.158308,43
2025-01-14T11:00:00.000Z,MAGIC,0.457503,44
2025-01-14T11:00:00.000Z,STG,0.401141,45
2025-01-14T11:00:00.000Z,USDC,0.999898,46
2025-01-14T11:00:00.000Z,USDC,1.024,47
2025-01-14T11:00:00.000Z,USDT,1.02,48
2025-01-14T11:00:00.000Z,ZRO,4.49,49
2025-01-14T10:00:00.000Z,ARB,0.714143,50
2025-01-14T10:00:00.000Z,CRV,0.817182,51
2025-01-14T10:00:00.000Z,DAI,0.999919,52
2025-01-14T10:00:00.000Z,LAVA,0.158397,53
2025-01-14T10:00:00.000Z,MAGIC,0.447457,54
2025-01-14T10:00:00.000Z,STG,0.390692,55
2025-01-14T10:00:00.000Z,USDC,1.002,56
2025-01-14T10:00:00.000Z,USDC,0.999983,57
2025-01-14T10:00:00.000Z,USDT,1.001,58
2025-01-14T10:00:00.000Z,ZRO,4.36,59
2025-01-14T09:00:00.000Z,ARB,0.716419,60
2025-01-14T09:00:00.000Z,CRV,0.808293,61
2025-01-14T09:00:00.000Z,DAI,0.998659,62
2025-01-14T09:00:00.000Z,LAVA,0.159413,63
2025-01-14T09:00:00.000Z,MAGIC,0.445428,64
2025-01-14T09:00:00.000Z,STG,0.38713,65
2025-01-14T09:00:00.000Z,USDC,0.99805,66
2025-01-14T09:00:00.000Z,USDC,1.0,67
2025-01-14T09:00:00.000Z,USDT,0.997509,68
2025-01-14T09:00:00.000Z,ZRO,4.32,69
2025-01-14T08:00:00.000Z,ARB,0.719958,70
2025-01-14T08:00:00.000Z,CRV,0.814823,71
2025-01-14T08:00:00.000Z,DAI,1.004,72
2025-01-14T08:00:00.000Z,LAVA,0.159883,73
2025-01-14T08:00:00.000Z,MAGIC,0.448919,74
2025-01-14T08:00:00.000Z,STG,0.388459,75
2025-01-14T08:00:00.000Z,USDC,1.005,76
2025-01-14T08:00:00.000Z,USDC,0.999981,77
2025-01-14T08:00:00.000Z,USDT,1.005,78
2025-01-14T08:00:00.000Z,ZRO,4.33,79
2025-01-14T07:00:00.000Z,ARB,0.715091,80
2025-01-14T07:00:00.000Z,CRV,0.813135,81
2025-01-14T07:00:00.000Z,DAI,0.998117,82
2025-01-14T07:00:00.000Z,LAVA,0.157903,83
2025-01-14T07:00:00.000Z,MAGIC,0.448789,84
2025-01-14T07:00:00.000Z,STG,0.389459,85
2025-01-14T07:00:00.000Z,USDC,0.998171,86
2025-01-14T07:00:00.000Z,USDC,0.999961,87
2025-01-14T07:00:00.000Z,USDT,0.998673,88
2025-01-14T07:00:00.000Z,ZRO,4.34,89
2025-01-14T06:00:00.000Z,ARB,0.71641,90
2025-01-14T06:00:00.000Z,CRV,0.816403,91
2025-01-14T06:00:00.000Z,DAI,0.998303,92
2025-01-14T06:00:00.000Z,LAVA,0.161774,93
2025-01-14T06:00:00.000Z,MAGIC,0.452935,94
2025-01-14T06:00:00.000Z,STG,0.391257,95
2025-01-14T06:00:00.000Z,USDC,0.999897,96
2025-01-14T06:00:00.000Z,USDC,0.998531,97
2025-01-14T06:00:00.000Z,USDT,0.998909,98
2025-01-14T06:00:00.000Z,ZRO,4.36,99
2025-01-14T05:00:00.000Z,ARB,0.707349,100
2025-01-14T05:00:00.000Z,CRV,0.814548,101
2025-01-14T05:00:00.000Z,DAI,0.999755,102
2025-01-14T05:00:00.000Z,LAVA,0.157495,103
2025-01-14T05:00:00.000Z,MAGIC,0.451316,104
2025-01-14T05:00:00.000Z,STG,0.390362,105
2025-01-14T05:00:00.000Z,USDC,0.999897,106
2025-01-14T05:00:00.000Z,USDC,1.003,107
2025-01-14T05:00:00.000Z,USDT,1.001,108
2025-01-14T05:00:00.000Z,ZRO,4.33,109
2025-01-14T04:00:00.000Z,ARB,0.703587,110
2025-01-14T04:00:00.000Z,CRV,0.81154,111
2025-01-14T04:00:00.000Z,DAI,0.998097,112
2025-01-14T04:00:00.000Z,LAVA,0.157379,113
2025-01-14T04:00:00.000Z,MAGIC,0.449292,114
2025-01-14T04:00:00.000Z,STG,0.391173,115
2025-01-14T04:00:00.000Z,USDC,0.99999,116
2025-01-14T04:00:00.000Z,USDC,0.996369,117
2025-01-14T04:00:00.000Z,USDT,0.999243,118
2025-01-14T04:00:00.000Z,ZRO,4.33,119
2025-01-14T03:00:00.000Z,ARB,0.702324,120
2025-01-14T03:00:00.000Z,CRV,0.808373,121
2025-01-14T03:00:00.000Z,DAI,1.001,122
2025-01-14T03:00:00.000Z,LAVA,0.157418,123
2025-01-14T03:00:00.000Z,MAGIC,0.44591,124
2025-01-14T03:00:00.000Z,STG,0.39433,125
2025-01-14T03:00:00.000Z,USDC,0.99999,126
2025-01-14T03:00:00.000Z,USDC,1.005,127
2025-01-14T03:00:00.000Z,USDT,1.003,128
2025-01-14T03:00:00.000Z,ZRO,4.28,129
2025-01-14T02:00:00.000Z,ARB,0.700191,130
2025-01-14T02:00:00.000Z,CRV,0.810418,131
2025-01-14T02:00:00.000Z,DAI,1.001,132
2025-01-14T02:00:00.000Z,LAVA,0.155631,133
2025-01-14T02:00:00.000Z,MAGIC,0.443244,134
2025-01-14T02:00:00.000Z,STG,0.390575,135
2025-01-14T02:00:00.000Z,USDC,0.999989,136
2025-01-14T02:00:00.000Z,USDC,0.99987,137
2025-01-14T02:00:00.000Z,USDT,1.001,138
2025-01-14T02:00:00.000Z,ZRO,4.26,139
2025-01-14T01:00:00.000Z,ARB,0.703553,140
2025-01-14T01:00:00.000Z,CRV,0.811221,141
2025-01-14T01:00:00.000Z,DAI,0.999271,142
2025-01-14T01:00:00.000Z,LAVA,0.152015,143
2025-01-14T01:00:00.000Z,MAGIC,0.44309,144
2025-01-14T01:00:00.000Z,STG,0.405739,145
2025-01-14T01:00:00.000Z,USDC,0.999942,146
2025-01-14T01:00:00.000Z,USDC,1.001,147
2025-01-14T01:00:00.000Z,USDT,0.99949,148
2025-01-14T01:00:00.000Z,ZRO,4.28,149
2025-01-14T00:00:00.000Z,ARB,0.703947,150
2025-01-14T00:00:00.000Z,CRV,0.806512,151
2025-01-14T00:00:00.000Z,DAI,1.003,152
2025-01-14T00:00:00.000Z,LAVA,0.150633,153
2025-01-14T00:00:00.000Z,MAGIC,0.441804,154
2025-01-14T00:00:00.000Z,STG,0.404972,155
2025-01-14T00:00:00.000Z,USDC,1.005,156
2025-01-14T00:00:00.000Z,USDC,0.999996,157
2025-01-14T00:00:00.000Z,USDT,1.007,158
2025-01-14T00:00:00.000Z,ZRO,4.28,159
2025-01-13T23:00:00.000Z,ARB,0.6988,160
2025-01-13T23:00:00.000Z,CRV,0.793709,161
2025-01-13T23:00:00.000Z,DAI,1.024,162
2025-01-13T23:00:00.000Z,LAVA,0.149483,163
2025-01-13T23:00:00.000Z,MAGIC,0.438211,164
2025-01-13T23:00:00.000Z,STG,0.403362,165
2025-01-13T23:00:00.000Z,USDC,1.026,166
2025-01-13T23:00:00.000Z,USDC,0.999943,167
2025-01-13T23:00:00.000Z,USDT,0.999228,168
2025-01-13T23:00:00.000Z,ZRO,4.23,169
2025-01-13T22:00:00.000Z,ARB,0.694644,170
2025-01-13T22:00:00.000Z,CRV,0.788952,171
2025-01-13T22:00:00.000Z,DAI,1.018,172
2025-01-13T22:00:00.000Z,LAVA,0.148238,173
2025-01-13T22:00:00.000Z,MAGIC,0.436749,174
2025-01-13T22:00:00.000Z,STG,0.406049,175
2025-01-13T22:00:00.000Z,USDC,0.999911,176
2025-01-13T22:00:00.000Z,USDC,1.017,177
2025-01-13T22:00:00.000Z,USDT,1.017,178
2025-01-13T22:00:00.000Z,ZRO,4.2,179
2025-01-13T21:00:00.000Z,ARB,0.672976,180
2025-01-13T21:00:00.000Z,CRV,0.752714,181
2025-01-13T21:00:00.000Z,DAI,1.003,182
2025-01-13T21:00:00.000Z,LAVA,0.146672,183
2025-01-13T21:00:00.000Z,MAGIC,0.420919,184
2025-01-13T21:00:00.000Z,STG,0.391706,185
2025-01-13T21:00:00.000Z,USDC,0.999994,186
2025-01-13T21:00:00.000Z,USDC,1.005,187
2025-01-13T21:00:00.000Z,USDT,1.005,188
2025-01-13T21:00:00.000Z,ZRO,4.08,189
2025-01-13T20:00:00.000Z,ARB,0.670217,190
2025-01-13T20:00:00.000Z,CRV,0.752522,191
2025-01-13T20:00:00.000Z,DAI,0.994894,192
2025-01-13T20:00:00.000Z,LAVA,0.145545,193
2025-01-13T20:00:00.000Z,MAGIC,0.41803,194
2025-01-13T20:00:00.000Z,STG,0.389724,195
2025-01-13T20:00:00.000Z,USDC,0.993152,196
2025-01-13T20:00:00.000Z,USDC,0.999891,197
2025-01-13T20:00:00.000Z,USDT,0.992432,198
2025-01-13T20:00:00.000Z,ZRO,4.06,199
2025-01-13T19:00:00.000Z,ARB,0.671375,200
2025-01-13T19:00:00.000Z,CRV,0.752386,201
2025-01-13T19:00:00.000Z,DAI,0.994278,202
2025-01-13T19:00:00.000Z,LAVA,0.145995,203
2025-01-13T19:00:00.000Z,MAGIC,0.42104,204
2025-01-13T19:00:00.000Z,STG,0.388646,205
2025-01-13T19:00:00.000Z,USDC,0.996642,206
2025-01-13T19:00:00.000Z,USDC,0.999947,207
2025-01-13T19:00:00.000Z,USDT,0.994393,208
2025-01-13T19:00:00.000Z,ZRO,4.07,209
2025-01-13T18:00:00.000Z,ARB,0.675338,210
2025-01-13T18:00:00.000Z,CRV,0.766571,211
2025-01-13T18:00:00.000Z,DAI,0.990989,212
2025-01-13T18:00:00.000Z,LAVA,0.14584,213
2025-01-13T18:00:00.000Z,MAGIC,0.426811,214
2025-01-13T18:00:00.000Z,STG,0.393399,215
2025-01-13T18:00:00.000Z,USDC,0.990869,216
2025-01-13T18:00:00.000Z,USDC,0.999901,217
2025-01-13T18:00:00.000Z,USDT,0.988976,218
2025-01-13T18:00:00.000Z,ZRO,4.13,219
2025-01-13T17:00:00.000Z,ARB,0.686096,220
2025-01-13T17:00:00.000Z,CRV,0.781389,221
2025-01-13T17:00:00.000Z,DAI,0.999852,222
2025-01-13T17:00:00.000Z,LAVA,0.147154,223
2025-01-13T17:00:00.000Z,MAGIC,0.434265,224
2025-01-13T17:00:00.000Z,STG,0.399053,225
2025-01-13T17:00:00.000Z,USDC,0.992694,226
2025-01-13T17:00:00.000Z,USDC,0.999997,227
2025-01-13T17:00:00.000Z,USDT,0.995438,228
2025-01-13T17:00:00.000Z,ZRO,4.17,229
2025-01-13T16:00:00.000Z,ARB,0.68406,230
2025-01-13T16:00:00.000Z,CRV,0.773035,231
2025-01-13T16:00:00.000Z,DAI,1.008,232
2025-01-13T16:00:00.000Z,LAVA,0.147173,233
2025-01-13T16:00:00.000Z,MAGIC,0.43034,234
2025-01-13T16:00:00.000Z,STG,0.405156,235
2025-01-13T16:00:00.000Z,USDC,1.008,236
2025-01-13T16:00:00.000Z,USDC,0.999902,237
2025-01-13T16:00:00.000Z,USDT,1.007,238
2025-01-13T16:00:00.000Z,ZRO,4.13,239
2025-01-13T15:00:00.000Z,ARB,0.675607,240
2025-01-13T15:00:00.000Z,CRV,0.751462,241
2025-01-13T15:00:00.000Z,DAI,0.999054,242
2025-01-13T15:00:00.000Z,LAVA,0.146398,243
2025-01-13T15:00:00.000Z,MAGIC,0.422048,244
2025-01-13T15:00:00.000Z,STG,0.396607,245
2025-01-13T15:00:00.000Z,USDC,0.999897,246
2025-01-13T15:00:00.000Z,USDC,0.996231,247
2025-01-13T15:00:00.000Z,USDT,0.997838,248
2025-01-13T15:00:00.000Z,ZRO,4.01,249
2025-01-13T14:00:00.000Z,ARB,0.671837,250
2025-01-13T14:00:00.000Z,CRV,0.755327,251
2025-01-13T14:00:00.000Z,DAI,0.989479,252
2025-01-13T14:00:00.000Z,LAVA,0.147347,253
2025-01-13T14:00:00.000Z,MAGIC,0.421106,254
2025-01-13T14:00:00.000Z,STG,0.396547,255
2025-01-13T14:00:00.000Z,USDC,0.999875,256
2025-01-13T14:00:00.000Z,USDC,0.983981,257
2025-01-13T14:00:00.000Z,USDT,0.983278,258
2025-01-13T14:00:00.000Z,ZRO,4.01,259
2025-01-13T13:00:00.000Z,ARB,0.669159,260
2025-01-13T13:00:00.000Z,CRV,0.758788,261
2025-01-13T13:00:00.000Z,DAI,0.985487,262
2025-01-13T13:00:00.000Z,LAVA,0.14684,263
2025-01-13T13:00:00.000Z,MAGIC,0.417639,264
2025-01-13T13:00:00.000Z,STG,0.404588,265
2025-01-13T13:00:00.000Z,USDC,0.983056,266
2025-01-13T13:00:00.000Z,USDC,0.999922,267
2025-01-13T13:00:00.000Z,USDT,0.984174,268
2025-01-13T13:00:00.000Z,ZRO,4.01,269
2025-01-13T12:00:00.000Z,ARB,0.673579,270
2025-01-13T12:00:00.000Z,CRV,0.771059,271
2025-01-13T12:00:00.000Z,DAI,0.982637,272
2025-01-13T12:00:00.000Z,LAVA,0.147003,273
2025-01-13T12:00:00.000Z,MAGIC,0.421577,274
2025-01-13T12:00:00.000Z,STG,0.411856,275
2025-01-13T12:00:00.000Z,USDC,0.98099,276
2025-01-13T12:00:00.000Z,USDC,0.999855,277
2025-01-13T12:00:00.000Z,USDT,0.98925,278
2025-01-13T12:00:00.000Z,ZRO,4.09,279
2025-01-13T11:00:00.000Z,ARB,0.686639,280
2025-01-13T11:00:00.000Z,CRV,0.786304,281
2025-01-13T11:00:00.000Z,DAI,0.998945,282
2025-01-13T11:00:00.000Z,LAVA,0.147452,283
2025-01-13T11:00:00.000Z,MAGIC,0.431615,284
2025-01-13T11:00:00.000Z,STG,0.415938,285
2025-01-13T11:00:00.000Z,USDC,0.998332,286
2025-01-13T11:00:00.000Z,USDC,0.999999,287
2025-01-13T11:00:00.000Z,USDT,0.997912,288
2025-01-13T11:00:00.000Z,ZRO,4.19,289
2025-01-13T10:00:00.000Z,ARB,0.689953,290
2025-01-13T10:00:00.000Z,CRV,0.785361,291
2025-01-13T10:00:00.000Z,DAI,0.995525,292
2025-01-13T10:00:00.000Z,LAVA,0.147213,293
2025-01-13T10:00:00.000Z,MAGIC,0.434638,294
2025-01-13T10:00:00.000Z,STG,0.419848,295
2025-01-13T10:00:00.000Z,USDC,0.991364,296
2025-01-13T10:00:00.000Z,USDC,0.999998,297
2025-01-13T10:00:00.000Z,USDT,0.990942,298
2025-01-13T10:00:00.000Z,ZRO,4.23,299
2025-01-13T09:00:00.000Z,ARB,0.700722,300
2025-01-13T09:00:00.000Z,CRV,0.800324,301
2025-01-13T09:00:00.000Z,DAI,0.997509,302
2025-01-13T09:00:00.000Z,LAVA,0.14834,303
2025-01-13T09:00:00.000Z,MAGIC,0.441919,304
2025-01-13T09:00:00.000Z,STG,0.426047,305
2025-01-13T09:00:00.000Z,USDC,0.998087,306
2025-01-13T09:00:00.000Z,USDC,1.0,307
2025-01-13T09:00:00.000Z,USDT,0.993576,308
2025-01-13T09:00:00.000Z,ZRO,4.3,309
2025-01-13T08:00:00.000Z,ARB,0.697052,310
2025-01-13T08:00:00.000Z,CRV,0.788331,311
2025-01-13T08:00:00.000Z,DAI,1.0,312
2025-01-13T08:00:00.000Z,LAVA,0.14811,313
2025-01-13T08:00:00.000Z,MAGIC,0.440396,314
2025-01-13T08:00:00.000Z,STG,0.42692,315
2025-01-13T08:00:00.000Z,USDC,0.999897,316
2025-01-13T08:00:00.000Z,USDC,0.99991,317
2025-01-13T08:00:00.000Z,USDT,0.999868,318
2025-01-13T08:00:00.000Z,ZRO,4.3,319
2025-01-13T07:00:00.000Z,ARB,0.706287,320
2025-01-13T07:00:00.000Z,CRV,0.802623,321
2025-01-13T07:00:00.000Z,DAI,1.002,322
2025-01-13T07:00:00.000Z,LAVA,0.147645,323
2025-01-13T07:00:00.000Z,MAGIC,0.448889,324
2025-01-13T07:00:00.000Z,STG,0.435464,325
2025-01-13T07:00:00.000Z,USDC,1.001,326
2025-01-13T07:00:00.000Z,USDC,0.999896,327
2025-01-13T07:00:00.000Z,USDT,0.999675,328
2025-01-13T07:00:00.000Z,ZRO,4.4,329
2025-01-13T06:00:00.000Z,ARB,0.714152,330
2025-01-13T06:00:00.000Z,CRV,0.811613,331
2025-01-13T06:00:00.000Z,DAI,0.998772,332
2025-01-13T06:00:00.000Z,LAVA,0.149671,333
2025-01-13T06:00:00.000Z,MAGIC,0.450837,334
2025-01-13T06:00:00.000Z,STG,0.437097,335
2025-01-13T06:00:00.000Z,USDC,0.999996,336
2025-01-13T06:00:00.000Z,USDC,0.99812,337
2025-01-13T06:00:00.000Z,USDT,0.998626,338
2025-01-13T06:00:00.000Z,ZRO,4.44,339
2025-01-13T05:00:00.000Z,ARB,0.709968,340
2025-01-13T05:00:00.000Z,CRV,0.802221,341
2025-01-13T05:00:00.000Z,DAI,0.999163,342
2025-01-13T05:00:00.000Z,LAVA,0.148959,343
2025-01-13T05:00:00.000Z,MAGIC,0.452193,344
2025-01-13T05:00:00.000Z,STG,0.43485,345
2025-01-13T05:00:00.000Z,USDC,0.999998,346
2025-01-13T05:00:00.000Z,USDC,0.99725,347
2025-01-13T05:00:00.000Z,USDT,0.997626,348
2025-01-13T05:00:00.000Z,ZRO,4.44,349
2025-01-13T04:00:00.000Z,ARB,0.715697,350
2025-01-13T04:00:00.000Z,CRV,0.809979,351
2025-01-13T04:00:00.000Z,DAI,1.001,352
2025-01-13T04:00:00.000Z,LAVA,0.149207,353
2025-01-13T04:00:00.000Z,MAGIC,0.453217,354
2025-01-13T04:00:00.000Z,STG,0.433369,355
2025-01-13T04:00:00.000Z,USDC,0.999993,356
2025-01-13T04:00:00.000Z,USDC,0.999964,357
2025-01-13T04:00:00.000Z,USDT,0.999145,358
2025-01-13T04:00:00.000Z,ZRO,4.47,359
2025-01-13T03:00:00.000Z,ARB,0.727147,360
2025-01-13T03:00:00.000Z,CRV,0.826529,361
2025-01-13T03:00:00.000Z,DAI,0.997225,362
2025-01-13T03:00:00.000Z,LAVA,0.148227,363
2025-01-13T03:00:00.000Z,MAGIC,0.463816,364
2025-01-13T03:00:00.000Z,STG,0.442948,365
2025-01-13T03:00:00.000Z,USDC,0.99513,366
2025-01-13T03:00:00.000Z,USDC,0.999899,367
2025-01-13T03:00:00.000Z,USDT,1.001,368
2025-01-13T03:00:00.000Z,ZRO,4.56,369
2025-01-13T02:00:00.000Z,ARB,0.743925,370
2025-01-13T02:00:00.000Z,CRV,0.844251,371
2025-01-13T02:00:00.000Z,DAI,0.999159,372
2025-01-13T02:00:00.000Z,LAVA,0.148762,373
2025-01-13T02:00:00.000Z,MAGIC,0.475664,374
2025-01-13T02:00:00.000Z,STG,0.459552,375
2025-01-13T02:00:00.000Z,USDC,1.001,376
2025-01-13T02:00:00.000Z,USDC,0.999899,377
2025-01-13T02:00:00.000Z,USDT,0.998025,378
2025-01-13T02:00:00.000Z,ZRO,4.68,379
2025-01-13T01:00:00.000Z,ARB,0.732803,380
2025-01-13T01:00:00.000Z,CRV,0.820768,381
2025-01-13T01:00:00.000Z,DAI,1.001,382
2025-01-13T01:00:00.000Z,LAVA,0.148046,383
2025-01-13T01:00:00.000Z,MAGIC,0.465936,384
2025-01-13T01:00:00.000Z,STG,0.463949,385
2025-01-13T01:00:00.000Z,USDC,1.002,386
2025-01-13T01:00:00.000Z,USDC,0.999901,387
2025-01-13T01:00:00.000Z,USDT,1.001,388
2025-01-13T01:00:00.000Z,ZRO,4.56,389
2025-01-13T00:00:00.000Z,ARB,0.723458,390
2025-01-13T00:00:00.000Z,CRV,0.81054,391
2025-01-13T00:00:00.000Z,DAI,1.0,392
2025-01-13T00:00:00.000Z,LAVA,0.148111,393
2025-01-13T00:00:00.000Z,MAGIC,0.462323,394
2025-01-13T00:00:00.000Z,STG,0.467003,395
2025-01-13T00:00:00.000Z,USDC,0.999897,396
2025-01-13T00:00:00.000Z,USDC,0.999421,397
2025-01-13T00:00:00.000Z,USDT,0.998755,398
2025-01-13T00:00:00.000Z,ZRO,4.52,399
2025-01-12T23:00:00.000Z,ARB,0.728894,400
2025-01-12T23:00:00.000Z,CRV,0.818422,401
2025-01-12T23:00:00.000Z,DAI,0.999064,402
2025-01-12T23:00:00.000Z,LAVA,0.148071,403
2025-01-12T23:00:00.000Z,MAGIC,0.465359,404
2025-01-12T23:00:00.000Z,STG,0.469827,405
2025-01-12T23:00:00.000Z,USDC,0.99703,406
2025-01-12T23:00:00.000Z,USDC,0.999898,407
2025-01-12T23:00:00.000Z,USDT,0.998043,408
2025-01-12T23:00:00.000Z,ZRO,4.56,409
2025-01-12T22:00:00.000Z,ARB,0.731285,410
2025-01-12T22:00:00.000Z,CRV,0.824739,411
2025-01-12T22:00:00.000Z,DAI,0.999936,412
2025-01-12T22:00:00.000Z,LAVA,0.148052,413
2025-01-12T22:00:00.000Z,MAGIC,0.468658,414
2025-01-12T22:00:00.000Z,STG,0.46938,415
2025-01-12T22:00:00.000Z,USDC,0.99976,416
2025-01-12T22:00:00.000Z,USDC,0.999875,417
2025-01-12T22:00:00.000Z,USDT,0.998443,418
2025-01-12T22:00:00.000Z,ZRO,4.59,419
2025-01-12T21:00:00.000Z,ARB,0.736691,420
2025-01-12T21:00:00.000Z,CRV,0.830654,421
2025-01-12T21:00:00.000Z,DAI,0.999281,422
2025-01-12T21:00:00.000Z,LAVA,0.14803,423
2025-01-12T21:00:00.000Z,MAGIC,0.472904,424
2025-01-12T21:00:00.000Z,STG,0.47369,425
2025-01-12T21:00:00.000Z,USDC,0.999898,426
2025-01-12T21:00:00.000Z,USDC,0.99967,427
2025-01-12T21:00:00.000Z,USDT,0.999571,428
2025-01-12T21:00:00.000Z,ZRO,4.62,429
2025-01-12T20:00:00.000Z,ARB,0.739661,430
2025-01-12T20:00:00.000Z,CRV,0.828287,431
2025-01-12T20:00:00.000Z,DAI,0.999112,432
2025-01-12T20:00:00.000Z,LAVA,0.147082,433
2025-01-12T20:00:00.000Z,MAGIC,0.472881,434
2025-01-12T20:00:00.000Z,STG,0.484105,435
2025-01-12T20:00:00.000Z,USDC,0.999755,436
2025-01-12T20:00:00.000Z,USDC,0.999902,437
2025-01-12T20:00:00.000Z,USDT,0.998713,438
2025-01-12T20:00:00.000Z,ZRO,4.64,439
2025-01-12T19:00:00.000Z,ARB,0.742616,440
2025-01-12T19:00:00.000Z,CRV,0.839837,441
2025-01-12T19:00:00.000Z,DAI,0.999708,442
2025-01-12T19:00:00.000Z,LAVA,0.148144,443
2025-01-12T19:00:00.000Z,MAGIC,0.477373,444
2025-01-12T19:00:00.000Z,STG,0.486522,445
2025-01-12T19:00:00.000Z,USDC,0.999692,446
2025-01-12T19:00:00.000Z,USDC,0.999913,447
2025-01-12T19:00:00.000Z,USDT,1.0,448
2025-01-12T19:00:00.000Z,ZRO,4.66,449
2025-01-12T18:00:00.000Z,ARB,0.740173,450
2025-01-12T18:00:00.000Z,CRV,0.841159,451
2025-01-12T18:00:00.000Z,DAI,1.001,452
2025-01-12T18:00:00.000Z,LAVA,0.1481,453
2025-01-12T18:00:00.000Z,MAGIC,0.476104,454
2025-01-12T18:00:00.000Z,STG,0.497329,455
2025-01-12T18:00:00.000Z,USDC,0.999902,456
2025-01-12T18:00:00.000Z,USDC,1.001,457
2025-01-12T18:00:00.000Z,USDT,0.999799,458
2025-01-12T18:00:00.000Z,ZRO,4.66,459
2025-01-12T17:00:00.000Z,ARB,0.739207,460
2025-01-12T17:00:00.000Z,CRV,0.841566,461
2025-01-12T17:00:00.000Z,DAI,0.999949,462
2025-01-12T17:00:00.000Z,LAVA,0.149409,463
2025-01-12T17:00:00.000Z,MAGIC,0.476402,464
2025-01-12T17:00:00.000Z,STG,0.470199,465
2025-01-12T17:00:00.000Z,USDC,0.999901,466
2025-01-12T17:00:00.000Z,USDC,0.999553,467
2025-01-12T17:00:00.000Z,USDT,0.999522,468
2025-01-12T17:00:00.000Z,ZRO,4.66,469
2025-01-12T16:00:00.000Z,ARB,0.732592,470
2025-01-12T16:00:00.000Z,CRV,0.834279,471
2025-01-12T16:00:00.000Z,DAI,0.999153,472
2025-01-12T16:00:00.000Z,LAVA,0.14988,473
2025-01-12T16:00:00.000Z,MAGIC,0.471107,474
2025-01-12T16:00:00.000Z,STG,0.466501,475
2025-01-12T16:00:00.000Z,USDC,0.999901,476
2025-01-12T16:00:00.000Z,USDC,0.999676,477
2025-01-12T16:00:00.000Z,USDT,0.999617,478
2025-01-12T16:00:00.000Z,ZRO,4.64,479
2025-01-12T15:00:00.000Z,ARB,0.733255,480
2025-01-12T15:00:00.000Z,CRV,0.839766,481
2025-01-12T15:00:00.000Z,DAI,1.001,482
2025-01-12T15:00:00.000Z,LAVA,0.153753,483
2025-01-12T15:00:00.000Z,MAGIC,0.471609,484
2025-01-12T15:00:00.000Z,STG,0.45218,485
2025-01-12T15:00:00.000Z,USDC,0.999858,486
2025-01-12T15:00:00.000Z,USDC,0.999931,487
2025-01-12T15:00:00.000Z,USDT,0.999861,488
2025-01-12T15:00:00.000Z,ZRO,4.64,489
2025-01-12T14:00:00.000Z,ARB,0.731425,490
2025-01-12T14:00:00.000Z,CRV,0.835563,491
2025-01-12T14:00:00.000Z,DAI,0.998682,492
2025-01-12T14:00:00.000Z,LAVA,0.148287,493
2025-01-12T14:00:00.000Z,MAGIC,0.469519,494
2025-01-12T14:00:00.000Z,STG,0.454158,495
2025-01-12T14:00:00.000Z,USDC,0.999802,496
2025-01-12T14:00:00.000Z,USDC,0.999184,497
2025-01-12T14:00:00.000Z,USDT,0.998565,498
2025-01-12T14:00:00.000Z,ZRO,4.64,499
2025-01-12T13:00:00.000Z,ARB,0.731995,500
2025-01-12T13:00:00.000Z,CRV,0.832037,501
2025-01-12T13:00:00.000Z,DAI,0.999613,502
2025-01-12T13:00:00.000Z,LAVA,0.148428,503
2025-01-12T13:00:00.000Z,MAGIC,0.46923,504
2025-01-12T13:00:00.000Z,STG,0.455515,505
2025-01-12T13:00:00.000Z,USDC,0.999769,506
2025-01-12T13:00:00.000Z,USDC,0.999801,507
2025-01-12T13:00:00.000Z,USDT,1.0,508
2025-01-12T13:00:00.000Z,ZRO,4.64,509
2025-01-12T12:00:00.000Z,ARB,0.729056,510
2025-01-12T12:00:00.000Z,CRV,0.826351,511
2025-01-12T12:00:00.000Z,DAI,1.0,512
2025-01-12T12:00:00.000Z,LAVA,0.148062,513
2025-01-12T12:00:00.000Z,MAGIC,0.464816,514
2025-01-12T12:00:00.000Z,STG,0.450564,515
2025-01-12T12:00:00.000Z,USDC,0.999547,516
2025-01-12T12:00:00.000Z,USDC,0.999801,517
2025-01-12T12:00:00.000Z,USDT,0.999783,518
2025-01-12T12:00:00.000Z,ZRO,4.6,519
2025-01-12T11:00:00.000Z,ARB,0.726553,520
2025-01-12T11:00:00.000Z,CRV,0.822236,521
2025-01-12T11:00:00.000Z,DAI,1.001,522
2025-01-12T11:00:00.000Z,LAVA,0.148494,523
2025-01-12T11:00:00.000Z,MAGIC,0.463696,524
2025-01-12T11:00:00.000Z,STG,0.441702,525
2025-01-12T11:00:00.000Z,USDC,0.999859,526
2025-01-12T11:00:00.000Z,USDC,1.001,527
2025-01-12T11:00:00.000Z,USDT,0.999761,528
2025-01-12T11:00:00.000Z,ZRO,4.59,529
2025-01-12T10:00:00.000Z,ARB,0.727368,530
2025-01-12T10:00:00.000Z,CRV,0.823823,531
2025-01-12T10:00:00.000Z,DAI,0.999684,532
2025-01-12T10:00:00.000Z,LAVA,0.148566,533
2025-01-12T10:00:00.000Z,MAGIC,0.466583,534
2025-01-12T10:00:00.000Z,STG,0.441843,535
2025-01-12T10:00:00.000Z,USDC,0.996991,536
2025-01-12T10:00:00.000Z,USDC,0.9999,537
2025-01-12T10:00:00.000Z,USDT,0.998747,538
2025-01-12T10:00:00.000Z,ZRO,4.61,539
2025-01-12T09:00:00.000Z,ARB,0.733715,540
2025-01-12T09:00:00.000Z,CRV,0.831911,541
2025-01-12T09:00:00.000Z,DAI,0.997713,542
2025-01-12T09:00:00.000Z,LAVA,0.149965,543
2025-01-12T09:00:00.000Z,MAGIC,0.470244,544
2025-01-12T09:00:00.000Z,STG,0.4463,545
2025-01-12T09:00:00.000Z,USDC,0.999847,546
2025-01-12T09:00:00.000Z,USDC,0.999825,547
2025-01-12T09:00:00.000Z,USDT,0.999677,548
2025-01-12T09:00:00.000Z,ZRO,4.65,549
2025-01-12T08:00:00.000Z,ARB,0.734092,550
2025-01-12T08:00:00.000Z,CRV,0.830984,551
2025-01-12T08:00:00.000Z,DAI,1.0,552
2025-01-12T08:00:00.000Z,LAVA,0.149907,553
2025-01-12T08:00:00.000Z,MAGIC,0.47376,554
2025-01-12T08:00:00.000Z,STG,0.44344,555
2025-01-12T08:00:00.000Z,USDC,0.999296,556
2025-01-12T08:00:00.000Z,USDC,0.999901,557
2025-01-12T08:00:00.000Z,USDT,0.999242,558
2025-01-12T08:00:00.000Z,ZRO,4.64,559
2025-01-12T07:00:00.000Z,ARB,0.738567,560
2025-01-12T07:00:00.000Z,CRV,0.836933,561
2025-01-12T07:00:00.000Z,DAI,1.0,562
2025-01-12T07:00:00.000Z,LAVA,0.150049,563
2025-01-12T07:00:00.000Z,MAGIC,0.476922,564
2025-01-12T07:00:00.000Z,STG,0.455639,565
2025-01-12T07:00:00.000Z,USDC,0.999837,566
2025-01-12T07:00:00.000Z,USDC,0.9999,567
2025-01-12T07:00:00.000Z,USDT,0.999371,568
2025-01-12T07:00:00.000Z,ZRO,4.66,569
2025-01-12T06:00:00.000Z,ARB,0.741711,570
2025-01-12T06:00:00.000Z,CRV,0.844442,571
2025-01-12T06:00:00.000Z,DAI,0.998604,572
2025-01-12T06:00:00.000Z,LAVA,0.151087,573
2025-01-12T06:00:00.000Z,MAGIC,0.475116,574
2025-01-12T06:00:00.000Z,STG,0.451211,575
2025-01-12T06:00:00.000Z,USDC,0.998724,576
2025-01-12T06:00:00.000Z,USDC,0.999947,577
2025-01-12T06:00:00.000Z,USDT,0.999736,578
2025-01-12T06:00:00.000Z,ZRO,4.68,579
2025-01-12T05:00:00.000Z,ARB,0.7394,580
2025-01-12T05:00:00.000Z,CRV,0.837253,581
2025-01-12T05:00:00.000Z,DAI,0.999515,582
2025-01-12T05:00:00.000Z,LAVA,0.151373,583
2025-01-12T05:00:00.000Z,MAGIC,0.474997,584
2025-01-12T05:00:00.000Z,STG,0.450959,585
2025-01-12T05:00:00.000Z,USDC,1.0,586
2025-01-12T05:00:00.000Z,USDC,1.0,587
2025-01-12T05:00:00.000Z,USDT,1.0,588
2025-01-12T05:00:00.000Z,ZRO,4.66,589
2025-01-12T04:00:00.000Z,ARB,0.74291,590
2025-01-12T04:00:00.000Z,CRV,0.8418,591
2025-01-12T04:00:00.000Z,DAI,1.001,592
2025-01-12T04:00:00.000Z,LAVA,0.151356,593
2025-01-12T04:00:00.000Z,MAGIC,0.475759,594
2025-01-12T04:00:00.000Z,STG,0.456998,595
2025-01-12T04:00:00.000Z,USDC,0.9999,596
2025-01-12T04:00:00.000Z,USDC,1.001,597
2025-01-12T04:00:00.000Z,USDT,1.0,598
2025-01-12T04:00:00.000Z,ZRO,4.68,599
2025-01-12T03:00:00.000Z,ARB,0.74365,600
2025-01-12T03:00:00.000Z,CRV,0.842216,601
2025-01-12T03:00:00.000Z,DAI,1.001,602
2025-01-12T03:00:00.000Z,LAVA,0.151971,603
2025-01-12T03:00:00.000Z,MAGIC,0.474068,604
2025-01-12T03:00:00.000Z,STG,0.447643,605
2025-01-12T03:00:00.000Z,USDC,0.999882,606
2025-01-12T03:00:00.000Z,USDC,0.9999,607
2025-01-12T03:00:00.000Z,USDT,0.999467,608
2025-01-12T03:00:00.000Z,ZRO,4.7,609
2025-01-12T02:00:00.000Z,ARB,0.745733,610
2025-01-12T02:00:00.000Z,CRV,0.841833,611
2025-01-12T02:00:00.000Z,DAI,1.001,612
2025-01-12T02:00:00.000Z,LAVA,0.152454,613
2025-01-12T02:00:00.000Z,MAGIC,0.47502,614
2025-01-12T02:00:00.000Z,STG,0.432907,615
2025-01-12T02:00:00.000Z,USDC,1.0,616
2025-01-12T02:00:00.000Z,USDC,0.9999,617
2025-01-12T02:00:00.000Z,USDT,0.99943,618
2025-01-12T02:00:00.000Z,ZRO,4.7,619
2025-01-12T01:00:00.000Z,ARB,0.741723,620
2025-01-12T01:00:00.000Z,CRV,0.848523,621
2025-01-12T01:00:00.000Z,DAI,1.0,622
2025-01-12T01:00:00.000Z,LAVA,0.152963,623
2025-01-12T01:00:00.000Z,MAGIC,0.475352,624
2025-01-12T01:00:00.000Z,STG,0.429659,625
2025-01-12T01:00:00.000Z,USDC,0.999476,626
2025-01-12T01:00:00.000Z,USDC,0.999998,627
2025-01-12T01:00:00.000Z,USDT,0.999269,628
2025-01-12T01:00:00.000Z,ZRO,4.69,629
2025-01-12T00:00:00.000Z,ARB,0.747685,630
2025-01-12T00:00:00.000Z,CRV,0.843612,631
2025-01-12T00:00:00.000Z,DAI,0.99832,632
2025-01-12T00:00:00.000Z,LAVA,0.15264,633
2025-01-12T00:00:00.000Z,MAGIC,0.477667,634
2025-01-12T00:00:00.000Z,STG,0.433725,635
2025-01-12T00:00:00.000Z,USDC,0.999997,636
2025-01-12T00:00:00.000Z,USDC,0.998399,637
2025-01-12T00:00:00.000Z,USDT,1.0,638
2025-01-12T00:00:00.000Z,ZRO,4.72,639
2025-01-11T23:00:00.000Z,ARB,0.756907,640
2025-01-11T23:00:00.000Z,CRV,0.860535,641
2025-01-11T23:00:00.000Z,DAI,1.0,642
2025-01-11T23:00:00.000Z,LAVA,0.153126,643
2025-01-11T23:00:00.000Z,MAGIC,0.486079,644
2025-01-11T23:00:00.000Z,STG,0.443151,645
2025-01-11T23:00:00.000Z,USDC,0.999998,646
2025-01-11T23:00:00.000Z,USDC,0.999672,647
2025-01-11T23:00:00.000Z,USDT,1.001,648
2025-01-11T23:00:00.000Z,ZRO,4.78,649
2025-01-11T22:00:00.000Z,ARB,0.756155,650
2025-01-11T22:00:00.000Z,CRV,0.838544,651
2025-01-11T22:00:00.000Z,DAI,1.002,652
2025-01-11T22:00:00.000Z,LAVA,0.152917,653
2025-01-11T22:00:00.000Z,MAGIC,0.477199,654
2025-01-11T22:00:00.000Z,STG,0.428281,655
2025-01-11T22:00:00.000Z,USDC,0.999949,656
2025-01-11T22:00:00.000Z,USDC,1.003,657
2025-01-11T22:00:00.000Z,USDT,1.0,658
2025-01-11T22:00:00.000Z,ZRO,4.77,659
2025-01-11T21:00:00.000Z,ARB,0.727122,660
2025-01-11T21:00:00.000Z,CRV,0.802024,661
2025-01-11T21:00:00.000Z,DAI,0.999929,662
2025-01-11T21:00:00.000Z,LAVA,0.153108,663
2025-01-11T21:00:00.000Z,MAGIC,0.465427,664
2025-01-11T21:00:00.000Z,STG,0.425442,665
2025-01-11T21:00:00.000Z,USDC,1.0,666
2025-01-11T21:00:00.000Z,USDC,0.999979,667
2025-01-11T21:00:00.000Z,USDT,1.0,668
2025-01-11T21:00:00.000Z,ZRO,4.6,669
2025-01-11T20:00:00.000Z,ARB,0.727764,670
2025-01-11T20:00:00.000Z,CRV,0.801735,671
2025-01-11T20:00:00.000Z,DAI,1.0,672
2025-01-11T20:00:00.000Z,LAVA,0.15357,673
2025-01-11T20:00:00.000Z,MAGIC,0.466306,674
2025-01-11T20:00:00.000Z,STG,0.427793,675
2025-01-11T20:00:00.000Z,USDC,1.0,676
2025-01-11T20:00:00.000Z,USDC,0.999997,677
2025-01-11T20:00:00.000Z,USDT,0.999136,678
2025-01-11T20:00:00.000Z,ZRO,4.61,679
2025-01-11T19:00:00.000Z,ARB,0.729853,680
2025-01-11T19:00:00.000Z,CRV,0.800173,681
2025-01-11T19:00:00.000Z,DAI,1.001,682
2025-01-11T19:00:00.000Z,LAVA,0.155837,683
2025-01-11T19:00:00.000Z,MAGIC,0.466724,684
2025-01-11T19:00:00.000Z,STG,0.427157,685
2025-01-11T19:00:00.000Z,USDC,1.0,686
2025-01-11T19:00:00.000Z,USDC,0.999999,687
2025-01-11T19:00:00.000Z,USDT,0.999192,688
2025-01-11T19:00:00.000Z,ZRO,4.61,689
2025-01-11T18:00:00.000Z,ARB,0.733322,690
2025-01-11T18:00:00.000Z,CRV,0.80652,691
2025-01-11T18:00:00.000Z,DAI,1.0,692
2025-01-11T18:00:00.000Z,LAVA,0.15493,693
2025-01-11T18:00:00.000Z,MAGIC,0.47023,694
2025-01-11T18:00:00.000Z,STG,0.430967,695
2025-01-11T18:00:00.000Z,USDC,0.999999,696
2025-01-11T18:00:00.000Z,USDC,0.999198,697
2025-01-11T18:00:00.000Z,USDT,0.998871,698
2025-01-11T18:00:00.000Z,ZRO,4.63,699
2025-01-11T17:00:00.000Z,ARB,0.731897,700
2025-01-11T17:00:00.000Z,CRV,0.808624,701
2025-01-11T17:00:00.000Z,DAI,0.999876,702
2025-01-11T17:00:00.000Z,LAVA,0.152158,703
2025-01-11T17:00:00.000Z,MAGIC,0.469234,704
2025-01-11T17:00:00.000Z,STG,0.428116,705
2025-01-11T17:00:00.000Z,USDC,1.0,706
2025-01-11T17:00:00.000Z,USDC,0.999569,707
2025-01-11T17:00:00.000Z,USDT,0.999129,708
2025-01-11T17:00:00.000Z,ZRO,4.62,709
2025-01-11T16:00:00.000Z,ARB,0.733965,710
2025-01-11T16:00:00.000Z,CRV,0.814135,711
2025-01-11T16:00:00.000Z,DAI,1.0,712
2025-01-11T16:00:00.000Z,LAVA,0.150335,713
2025-01-11T16:00:00.000Z,MAGIC,0.472452,714
2025-01-11T16:00:00.000Z,STG,0.413655,715
2025-01-11T16:00:00.000Z,USDC,0.999745,716
2025-01-11T16:00:00.000Z,USDC,0.999916,717
2025-01-11T16:00:00.000Z,USDT,0.999651,718
2025-01-11T16:00:00.000Z,ZRO,4.63,719
2025-01-11T15:00:00.000Z,ARB,0.732249,720
2025-01-11T15:00:00.000Z,CRV,0.811187,721
2025-01-11T15:00:00.000Z,DAI,0.999905,722
2025-01-11T15:00:00.000Z,LAVA,0.146579,723
2025-01-11T15:00:00.000Z,MAGIC,0.471421,724
2025-01-11T15:00:00.000Z,STG,0.410739,725
2025-01-11T15:00:00.000Z,USDC,0.999332,726
2025-01-11T15:00:00.000Z,USDC,0.999902,727
2025-01-11T15:00:00.000Z,USDT,0.99945,728
2025-01-11T15:00:00.000Z,ZRO,4.64,729
2025-01-11T14:00:00.000Z,ARB,0.737405,730
2025-01-11T14:00:00.000Z,CRV,0.819361,731
2025-01-11T14:00:00.000Z,DAI,0.999276,732
2025-01-11T14:00:00.000Z,LAVA,0.146359,733
2025-01-11T14:00:00.000Z,MAGIC,0.472048,734
2025-01-11T14:00:00.000Z,STG,0.409888,735
2025-01-11T14:00:00.000Z,USDC,1.0,736
2025-01-11T14:00:00.000Z,USDC,0.999998,737
2025-01-11T14:00:00.000Z,USDT,0.999796,738
2025-01-11T14:00:00.000Z,ZRO,4.68,739
2025-01-11T13:00:00.000Z,ARB,0.739367,740
2025-01-11T13:00:00.000Z,CRV,0.825797,741
2025-01-11T13:00:00.000Z,DAI,0.99856,742
2025-01-11T13:00:00.000Z,LAVA,0.146932,743
2025-01-11T13:00:00.000Z,MAGIC,0.48052,744
2025-01-11T13:00:00.000Z,STG,0.408907,745
2025-01-11T13:00:00.000Z,USDC,0.999935,746
2025-01-11T13:00:00.000Z,USDC,1.001,747
2025-01-11T13:00:00.000Z,USDT,0.999616,748
2025-01-11T13:00:00.000Z,ZRO,4.69,749
2025-01-11T12:00:00.000Z,ARB,0.736588,750
2025-01-11T12:00:00.000Z,CRV,0.819947,751
2025-01-11T12:00:00.000Z,DAI,1.0,752
2025-01-11T12:00:00.000Z,LAVA,0.143798,753
2025-01-11T12:00:00.000Z,MAGIC,0.476683,754
2025-01-11T12:00:00.000Z,STG,0.407951,755
2025-01-11T12:00:00.000Z,USDC,1.0,756
2025-01-11T12:00:00.000Z,USDC,1.0,757
2025-01-11T12:00:00.000Z,USDT,1.0,758
2025-01-11T12:00:00.000Z,ZRO,4.66,759
2025-01-11T11:00:00.000Z,ARB,0.731857,760
2025-01-11T11:00:00.000Z,CRV,0.807961,761
2025-01-11T11:00:00.000Z,DAI,0.999708,762
2025-01-11T11:00:00.000Z,LAVA,0.143939,763
2025-01-11T11:00:00.000Z,MAGIC,0.470427,764
2025-01-11T11:00:00.000Z,STG,0.407617,765
2025-01-11T11:00:00.000Z,USDC,0.999798,766
2025-01-11T11:00:00.000Z,USDC,1.0,767
2025-01-11T11:00:00.000Z,USDT,0.998954,768
2025-01-11T11:00:00.000Z,ZRO,4.61,769
2025-01-11T10:00:00.000Z,ARB,0.730076,770
2025-01-11T10:00:00.000Z,CRV,0.805449,771
2025-01-11T10:00:00.000Z,DAI,0.999453,772
2025-01-11T10:00:00.000Z,LAVA,0.144576,773
2025-01-11T10:00:00.000Z,MAGIC,0.45719,774
2025-01-11T10:00:00.000Z,STG,0.406662,775
2025-01-11T10:00:00.000Z,USDC,0.999301,776
2025-01-11T10:00:00.000Z,USDC,0.999998,777
2025-01-11T10:00:00.000Z,USDT,0.99996,778
2025-01-11T10:00:00.000Z,ZRO,4.59,779
2025-01-11T09:00:00.000Z,ARB,0.734461,780
2025-01-11T09:00:00.000Z,CRV,0.808755,781
2025-01-11T09:00:00.000Z,DAI,1.001,782
2025-01-11T09:00:00.000Z,LAVA,0.14571,783
2025-01-11T09:00:00.000Z,MAGIC,0.460067,784
2025-01-11T09:00:00.000Z,STG,0.409391,785
2025-01-11T09:00:00.000Z,USDC,0.999898,786
2025-01-11T09:00:00.000Z,USDC,1.0,787
2025-01-11T09:00:00.000Z,USDT,0.999956,788
2025-01-11T09:00:00.000Z,ZRO,4.61,789
2025-01-11T08:00:00.000Z,ARB,0.738576,790
2025-01-11T08:00:00.000Z,CRV,0.809885,791
2025-01-11T08:00:00.000Z,DAI,0.998711,792
2025-01-11T08:00:00.000Z,LAVA,0.146035,793
2025-01-11T08:00:00.000Z,MAGIC,0.462093,794
2025-01-11T08:00:00.000Z,STG,0.408591,795
2025-01-11T08:00:00.000Z,USDC,0.999941,796
2025-01-11T08:00:00.000Z,USDC,0.999338,797
2025-01-11T08:00:00.000Z,USDT,0.998455,798
2025-01-11T08:00:00.000Z,ZRO,4.62,799
2025-01-11T07:00:00.000Z,ARB,0.74077,800
2025-01-11T07:00:00.000Z,CRV,0.811273,801
2025-01-11T07:00:00.000Z,DAI,0.998586,802
2025-01-11T07:00:00.000Z,LAVA,0.145286,803
2025-01-11T07:00:00.000Z,MAGIC,0.464082,804
2025-01-11T07:00:00.000Z,STG,0.411641,805
2025-01-11T07:00:00.000Z,USDC,0.999946,806
2025-01-11T07:00:00.000Z,USDC,1.0,807
2025-01-11T07:00:00.000Z,USDT,1.001,808
2025-01-11T07:00:00.000Z,ZRO,4.63,809
2025-01-11T06:00:00.000Z,ARB,0.736576,810
2025-01-11T06:00:00.000Z,CRV,0.805928,811
2025-01-11T06:00:00.000Z,DAI,1.001,812
2025-01-11T06:00:00.000Z,LAVA,0.14798,813
2025-01-11T06:00:00.000Z,MAGIC,0.461345,814
2025-01-11T06:00:00.000Z,STG,0.4091,815
2025-01-11T06:00:00.000Z,USDC,1.0,816
2025-01-11T06:00:00.000Z,USDC,0.999998,817
2025-01-11T06:00:00.000Z,USDT,0.999785,818
2025-01-11T06:00:00.000Z,ZRO,4.59,819
2025-01-11T05:00:00.000Z,ARB,0.736977,820
2025-01-11T05:00:00.000Z,CRV,0.806829,821
2025-01-11T05:00:00.000Z,DAI,0.999432,822
2025-01-11T05:00:00.000Z,LAVA,0.149974,823
2025-01-11T05:00:00.000Z,MAGIC,0.462561,824
2025-01-11T05:00:00.000Z,STG,0.410277,825
2025-01-11T05:00:00.000Z,USDC,0.999245,826
2025-01-11T05:00:00.000Z,USDC,0.999999,827
2025-01-11T05:00:00.000Z,USDT,0.999028,828
2025-01-11T05:00:00.000Z,ZRO,4.6,829
2025-01-11T04:00:00.000Z,ARB,0.737834,830
2025-01-11T04:00:00.000Z,CRV,0.814687,831
2025-01-11T04:00:00.000Z,DAI,0.998753,832
2025-01-11T04:00:00.000Z,LAVA,0.151078,833
2025-01-11T04:00:00.000Z,MAGIC,0.463244,834
2025-01-11T04:00:00.000Z,STG,0.4141,835
2025-01-11T04:00:00.000Z,USDC,1.0,836
2025-01-11T04:00:00.000Z,USDC,0.99953,837
2025-01-11T04:00:00.000Z,USDT,0.997702,838
2025-01-11T04:00:00.000Z,ZRO,4.64,839
2025-01-11T03:00:00.000Z,ARB,0.739616,840
2025-01-11T03:00:00.000Z,CRV,0.816864,841
2025-01-11T03:00:00.000Z,DAI,1.001,842
2025-01-11T03:00:00.000Z,LAVA,0.151719,843
2025-01-11T03:00:00.000Z,MAGIC,0.466259,844
2025-01-11T03:00:00.000Z,STG,0.412144,845
2025-01-11T03:00:00.000Z,USDC,1.001,846
2025-01-11T03:00:00.000Z,USDC,0.999958,847
2025-01-11T03:00:00.000Z,USDT,0.999939,848
2025-01-11T03:00:00.000Z,ZRO,4.63,849
2025-01-11T02:00:00.000Z,ARB,0.746265,850
2025-01-11T02:00:00.000Z,CRV,0.827638,851
2025-01-11T02:00:00.000Z,DAI,1.001,852
2025-01-11T02:00:00.000Z,LAVA,0.151689,853
2025-01-11T02:00:00.000Z,MAGIC,0.470896,854
2025-01-11T02:00:00.000Z,STG,0.414026,855
2025-01-11T02:00:00.000Z,USDC,1.0,856
2025-01-11T02:00:00.000Z,USDC,1.002,857
2025-01-11T02:00:00.000Z,USDT,0.998885,858
2025-01-11T02:00:00.000Z,ZRO,4.67,859
2025-01-11T01:00:00.000Z,ARB,0.749529,860
2025-01-11T01:00:00.000Z,CRV,0.828682,861
2025-01-11T01:00:00.000Z,DAI,0.999656,862
2025-01-11T01:00:00.000Z,LAVA,0.151741,863
2025-01-11T01:00:00.000Z,MAGIC,0.471307,864
2025-01-11T01:00:00.000Z,STG,0.412927,865
2025-01-11T01:00:00.000Z,USDC,1.001,866
2025-01-11T01:00:00.000Z,USDC,0.999975,867
2025-01-11T01:00:00.000Z,USDT,0.998769,868
2025-01-11T01:00:00.000Z,ZRO,4.68,869
2025-01-11T00:00:00.000Z,ARB,0.750214,870
2025-01-11T00:00:00.000Z,CRV,0.83577,871
2025-01-11T00:00:00.000Z,DAI,0.999188,872
2025-01-11T00:00:00.000Z,LAVA,0.151485,873
2025-01-11T00:00:00.000Z,MAGIC,0.470046,874
2025-01-11T00:00:00.000Z,STG,0.41931,875
2025-01-11T00:00:00.000Z,USDC,0.999993,876
2025-01-11T00:00:00.000Z,USDC,0.99961,877
2025-01-11T00:00:00.000Z,USDT,0.999856,878
2025-01-11T00:00:00.000Z,ZRO,4.69,879
2025-01-10T23:00:00.000Z,ARB,0.751133,880
2025-01-10T23:00:00.000Z,CRV,0.833492,881
2025-01-10T23:00:00.000Z,DAI,1.002,882
2025-01-10T23:00:00.000Z,LAVA,0.151472,883
2025-01-10T23:00:00.000Z,MAGIC,0.469541,884
2025-01-10T23:00:00.000Z,STG,0.419053,885
2025-01-10T23:00:00.000Z,USDC,0.999458,886
2025-01-10T23:00:00.000Z,USDC,0.999998,887
2025-01-10T23:00:00.000Z,USDT,0.999295,888
2025-01-10T23:00:00.000Z,ZRO,4.67,889
2025-01-10T22:00:00.000Z,ARB,0.751751,890
2025-01-10T22:00:00.000Z,CRV,0.831285,891
2025-01-10T22:00:00.000Z,DAI,1.002,892
2025-01-10T22:00:00.000Z,LAVA,0.149711,893
2025-01-10T22:00:00.000Z,MAGIC,0.468377,894
2025-01-10T22:00:00.000Z,STG,0.409976,895
2025-01-10T22:00:00.000Z,USDC,1.002,896
2025-01-10T22:00:00.000Z,USDC,0.999973,897
2025-01-10T22:00:00.000Z,USDT,1.002,898
2025-01-10T22:00:00.000Z,ZRO,4.66,899
2025-01-10T21:00:00.000Z,ARB,0.75485,900
2025-01-10T21:00:00.000Z,CRV,0.844203,901
2025-01-10T21:00:00.000Z,DAI,1.001,902
2025-01-10T21:00:00.000Z,LAVA,0.150053,903
2025-01-10T21:00:00.000Z,MAGIC,0.474464,904
2025-01-10T21:00:00.000Z,STG,0.410518,905
2025-01-10T21:00:00.000Z,USDC,1.002,906
2025-01-10T21:00:00.000Z,USDC,0.999954,907
2025-01-10T21:00:00.000Z,USDT,1.002,908
2025-01-10T21:00:00.000Z,ZRO,4.71,909
2025-01-10T20:00:00.000Z,ARB,0.755563,910
2025-01-10T20:00:00.000Z,CRV,0.83651,911
2025-01-10T20:00:00.000Z,DAI,1.0,912
2025-01-10T20:00:00.000Z,LAVA,0.15069,913
2025-01-10T20:00:00.000Z,MAGIC,0.473645,914
2025-01-10T20:00:00.000Z,STG,0.409299,915
2025-01-10T20:00:00.000Z,USDC,0.999176,916
2025-01-10T20:00:00.000Z,USDC,0.999994,917
2025-01-10T20:00:00.000Z,USDT,0.99937,918
2025-01-10T20:00:00.000Z,ZRO,4.69,919
2025-01-10T19:00:00.000Z,ARB,0.76197,920
2025-01-10T19:00:00.000Z,CRV,0.837265,921
2025-01-10T19:00:00.000Z,DAI,1.002,922
2025-01-10T19:00:00.000Z,LAVA,0.150023,923
2025-01-10T19:00:00.000Z,MAGIC,0.470907,924
2025-01-10T19:00:00.000Z,STG,0.41185,925
2025-01-10T19:00:00.000Z,USDC,1.002,926
2025-01-10T19:00:00.000Z,USDC,0.999994,927
2025-01-10T19:00:00.000Z,USDT,1.001,928
2025-01-10T19:00:00.000Z,ZRO,4.68,929
2025-01-10T18:00:00.000Z,ARB,0.743989,930
2025-01-10T18:00:00.000Z,CRV,0.813423,931
2025-01-10T18:00:00.000Z,DAI,0.99865,932
2025-01-10T18:00:00.000Z,LAVA,0.149128,933
2025-01-10T18:00:00.000Z,MAGIC,0.460888,934
2025-01-10T18:00:00.000Z,STG,0.400224,935
2025-01-10T18:00:00.000Z,USDC,0.999449,936
2025-01-10T18:00:00.000Z,USDC,0.999983,937
2025-01-10T18:00:00.000Z,USDT,1.003,938
2025-01-10T18:00:00.000Z,ZRO,4.58,939
2025-01-10T17:00:00.000Z,ARB,0.751025,940
2025-01-10T17:00:00.000Z,CRV,0.820488,941
2025-01-10T17:00:00.000Z,DAI,0.997982,942
2025-01-10T17:00:00.000Z,LAVA,0.15317,943
2025-01-10T17:00:00.000Z,MAGIC,0.466347,944
2025-01-10T17:00:00.000Z,STG,0.403249,945
2025-01-10T17:00:00.000Z,USDC,0.999919,946
2025-01-10T17:00:00.000Z,USDC,1.0,947
2025-01-10T17:00:00.000Z,USDT,0.998916,948
2025-01-10T17:00:00.000Z,ZRO,4.63,949
2025-01-10T16:00:00.000Z,ARB,0.743538,950
2025-01-10T16:00:00.000Z,CRV,0.819563,951
2025-01-10T16:00:00.000Z,DAI,1.0,952
2025-01-10T16:00:00.000Z,LAVA,0.151367,953
2025-01-10T16:00:00.000Z,MAGIC,0.462366,954
2025-01-10T16:00:00.000Z,STG,0.403055,955
2025-01-10T16:00:00.000Z,USDC,0.998192,956
2025-01-10T16:00:00.000Z,USDC,0.999887,957
2025-01-10T16:00:00.000Z,USDT,1.0,958
2025-01-10T16:00:00.000Z,ZRO,4.62,959
2025-01-10T15:00:00.000Z,ARB,0.754054,960
2025-01-10T15:00:00.000Z,CRV,0.813939,961
2025-01-10T15:00:00.000Z,DAI,1.004,962
2025-01-10T15:00:00.000Z,LAVA,0.153137,963
2025-01-10T15:00:00.000Z,MAGIC,0.475646,964
2025-01-10T15:00:00.000Z,STG,0.406667,965
2025-01-10T15:00:00.000Z,USDC,1.004,966
2025-01-10T15:00:00.000Z,USDC,0.999946,967
2025-01-10T15:00:00.000Z,USDT,1.001,968
2025-01-10T15:00:00.000Z,ZRO,4.65,969
2025-01-10T14:00:00.000Z,ARB,0.755097,970
2025-01-10T14:00:00.000Z,CRV,0.840188,971
2025-01-10T14:00:00.000Z,DAI,1.001,972
2025-01-10T14:00:00.000Z,LAVA,0.156016,973
2025-01-10T14:00:00.000Z,MAGIC,0.485408,974
2025-01-10T14:00:00.000Z,STG,0.409499,975
2025-01-10T14:00:00.000Z,USDC,0.99987,976
2025-01-10T14:00:00.000Z,USDC,0.9999,977
2025-01-10T14:00:00.000Z,USDT,0.999929,978
2025-01-10T14:00:00.000Z,ZRO,4.75,979
2025-01-10T13:00:00.000Z,ARB,0.757966,980
2025-01-10T13:00:00.000Z,CRV,0.839902,981
2025-01-10T13:00:00.000Z,DAI,1.0,982
2025-01-10T13:00:00.000Z,LAVA,0.160466,983
2025-01-10T13:00:00.000Z,MAGIC,0.483857,984
2025-01-10T13:00:00.000Z,STG,0.411708,985
2025-01-10T13:00:00.000Z,USDC,0.999905,986
2025-01-10T13:00:00.000Z,USDC,0.999582,987
2025-01-10T13:00:00.000Z,USDT,0.998932,988
2025-01-10T13:00:00.000Z,ZRO,4.78,989
2025-01-10T12:00:00.000Z,ARB,0.764332,990
2025-01-10T12:00:00.000Z,CRV,0.84942,991
2025-01-10T12:00:00.000Z,DAI,1.0,992
2025-01-10T12:00:00.000Z,LAVA,0.163691,993
2025-01-10T12:00:00.000Z,MAGIC,0.487324,994
2025-01-10T12:00:00.000Z,STG,0.411856,995
2025-01-10T12:00:00.000Z,USDC,0.999991,996
2025-01-10T12:00:00.000Z,USDC,1.001,997
2025-01-10T12:00:00.000Z,USDT,0.999976,998
2025-01-10T12:00:00.000Z,ZRO,4.79,999
2025-01-10T11:00:00.000Z,ARB,0.762736,1000
2025-01-10T11:00:00.000Z,CRV,0.850271,1001
2025-01-10T11:00:00.000Z,DAI,1.001,1002
2025-01-10T11:00:00.000Z,LAVA,0.16788,1003
2025-01-10T11:00:00.000Z,MAGIC,0.488536,1004
2025-01-10T11:00:00.000Z,STG,0.414062,1005
2025-01-10T11:00:00.000Z,USDC,0.999997,1006
2025-01-10T11:00:00.000Z,USDC,0.998211,1007
2025-01-10T11:00:00.000Z,USDT,1.001,1008
2025-01-10T11:00:00.000Z,ZRO,4.81,1009
2025-01-10T10:00:00.000Z,ARB,0.762248,1010
2025-01-10T10:00:00.000Z,CRV,0.843739,1011
2025-01-10T10:00:00.000Z,DAI,1.001,1012
2025-01-10T10:00:00.000Z,LAVA,0.170948,1013
2025-01-10T10:00:00.000Z,MAGIC,0.485154,1014
2025-01-10T10:00:00.000Z,STG,0.412925,1015
2025-01-10T10:00:00.000Z,USDC,0.999984,1016
2025-01-10T10:00:00.000Z,USDC,1.001,1017
2025-01-10T10:00:00.000Z,USDT,1.001,1018
2025-01-10T10:00:00.000Z,ZRO,4.79,1019
2025-01-10T09:00:00.000Z,ARB,0.76638,1020
2025-01-10T09:00:00.000Z,CRV,0.850782,1021
2025-01-10T09:00:00.000Z,DAI,0.996695,1022
2025-01-10T09:00:00.000Z,LAVA,0.170426,1023
2025-01-10T09:00:00.000Z,MAGIC,0.489202,1024
2025-01-10T09:00:00.000Z,STG,0.414231,1025
2025-01-10T09:00:00.000Z,USDC,1.0,1026
2025-01-10T09:00:00.000Z,USDC,0.997725,1027
2025-01-10T09:00:00.000Z,USDT,0.997216,1028
2025-01-10T09:00:00.000Z,ZRO,4.8,1029
2025-01-10T08:00:00.000Z,ARB,0.752906,1030
2025-01-10T08:00:00.000Z,CRV,0.836417,1031
2025-01-10T08:00:00.000Z,DAI,1.001,1032
2025-01-10T08:00:00.000Z,LAVA,0.170375,1033
2025-01-10T08:00:00.000Z,MAGIC,0.47933,1034
2025-01-10T08:00:00.000Z,STG,0.414936,1035
2025-01-10T08:00:00.000Z,USDC,0.999984,1036
2025-01-10T08:00:00.000Z,USDC,1.002,1037
2025-01-10T08:00:00.000Z,USDT,1.001,1038
2025-01-10T08:00:00.000Z,ZRO,4.73,1039
2025-01-10T07:00:00.000Z,ARB,0.751956,1040
2025-01-10T07:00:00.000Z,CRV,0.832454,1041
2025-01-10T07:00:00.000Z,DAI,1.0,1042
2025-01-10T07:00:00.000Z,LAVA,0.173229,1043
2025-01-10T07:00:00.000Z,MAGIC,0.480518,1044
2025-01-10T07:00:00.000Z,STG,0.41551,1045
2025-01-10T07:00:00.000Z,USDC,1.0,1046
2025-01-10T07:00:00.000Z,USDC,1.0,1047
2025-01-10T07:00:00.000Z,USDT,1.0,1048
2025-01-10T07:00:00.000Z,ZRO,4.73,1049
2025-01-10T06:00:00.000Z,ARB,0.745686,1050
2025-01-10T06:00:00.000Z,CRV,0.817071,1051
2025-01-10T06:00:00.000Z,DAI,1.001,1052
2025-01-10T06:00:00.000Z,LAVA,0.176595,1053
2025-01-10T06:00:00.000Z,MAGIC,0.473169,1054
2025-01-10T06:00:00.000Z,STG,0.413608,1055
2025-01-10T06:00:00.000Z,USDC,0.999952,1056
2025-01-10T06:00:00.000Z,USDC,1.001,1057
2025-01-10T06:00:00.000Z,USDT,1.002,1058
2025-01-10T06:00:00.000Z,ZRO,4.66,1059
2025-01-10T05:00:00.000Z,ARB,0.749946,1060
2025-01-10T05:00:00.000Z,CRV,0.824235,1061
2025-01-10T05:00:00.000Z,DAI,0.998805,1062
2025-01-10T05:00:00.000Z,LAVA,0.182216,1063
2025-01-10T05:00:00.000Z,MAGIC,0.475884,1064
2025-01-10T05:00:00.000Z,STG,0.415213,1065
2025-01-10T05:00:00.000Z,USDC,0.999985,1066
2025-01-10T05:00:00.000Z,USDC,1.001,1067
2025-01-10T05:00:00.000Z,USDT,0.999502,1068
2025-01-10T05:00:00.000Z,ZRO,4.68,1069
2025-01-10T04:00:00.000Z,ARB,0.748464,1070
2025-01-10T04:00:00.000Z,CRV,0.817566,1071
2025-01-10T04:00:00.000Z,DAI,0.998387,1072
2025-01-10T04:00:00.000Z,LAVA,0.183207,1073
2025-01-10T04:00:00.000Z,MAGIC,0.470596,1074
2025-01-10T04:00:00.000Z,STG,0.414894,1075
2025-01-10T04:00:00.000Z,USDC,0.999931,1076
2025-01-10T04:00:00.000Z,USDC,0.997387,1077
2025-01-10T04:00:00.000Z,USDT,0.998939,1078
2025-01-10T04:00:00.000Z,ZRO,4.65,1079
2025-01-10T03:00:00.000Z,ARB,0.742497,1080
2025-01-10T03:00:00.000Z,CRV,0.815066,1081
2025-01-10T03:00:00.000Z,DAI,0.999782,1082
2025-01-10T03:00:00.000Z,LAVA,0.185771,1083
2025-01-10T03:00:00.000Z,MAGIC,0.467708,1084
2025-01-10T03:00:00.000Z,STG,0.414999,1085
2025-01-10T03:00:00.000Z,USDC,0.999968,1086
2025-01-10T03:00:00.000Z,USDC,1.001,1087
2025-01-10T03:00:00.000Z,USDT,1.001,1088
2025-01-10T03:00:00.000Z,ZRO,4.61,1089
2025-01-10T02:00:00.000Z,ARB,0.745043,1090
2025-01-10T02:00:00.000Z,CRV,0.820623,1091
2025-01-10T02:00:00.000Z,DAI,0.999051,1092
2025-01-10T02:00:00.000Z,LAVA,0.187664,1093
2025-01-10T02:00:00.000Z,MAGIC,0.470281,1094
2025-01-10T02:00:00.000Z,STG,0.421349,1095
2025-01-10T02:00:00.000Z,USDC,1.0,1096
2025-01-10T02:00:00.000Z,USDC,0.999947,1097
2025-01-10T02:00:00.000Z,USDT,1.001,1098
2025-01-10T02:00:00.000Z,ZRO,4.6,1099
2025-01-10T01:00:00.000Z,ARB,0.744382,1100
2025-01-10T01:00:00.000Z,CRV,0.808238,1101
2025-01-10T01:00:00.000Z,DAI,1.0,1102
2025-01-10T01:00:00.000Z,LAVA,0.192036,1103
2025-01-10T01:00:00.000Z,MAGIC,0.466485,1104
2025-01-10T01:00:00.000Z,STG,0.434137,1105
2025-01-10T01:00:00.000Z,USDC,0.999996,1106
2025-01-10T01:00:00.000Z,USDC,0.998282,1107
2025-01-10T01:00:00.000Z,USDT,1.001,1108
2025-01-10T01:00:00.000Z,ZRO,4.58,1109
2025-01-10T00:00:00.000Z,ARB,0.74804,1110
2025-01-10T00:00:00.000Z,CRV,0.810598,1111
2025-01-10T00:00:00.000Z,DAI,0.998462,1112
2025-01-10T00:00:00.000Z,LAVA,0.185181,1113
2025-01-10T00:00:00.000Z,MAGIC,0.467662,1114
2025-01-10T00:00:00.000Z,STG,0.419443,1115
2025-01-10T00:00:00.000Z,USDC,0.999692,1116
2025-01-10T00:00:00.000Z,USDC,0.999982,1117
2025-01-10T00:00:00.000Z,USDT,0.999007,1118
2025-01-10T00:00:00.000Z,ZRO,4.61,1119
2025-01-09T23:00:00.000Z,ARB,0.739932,1120
2025-01-09T23:00:00.000Z,CRV,0.8013,1121
2025-01-09T23:00:00.000Z,DAI,1.0,1122
2025-01-09T23:00:00.000Z,LAVA,0.179198,1123
2025-01-09T23:00:00.000Z,MAGIC,0.460888,1124
2025-01-09T23:00:00.000Z,STG,0.413244,1125
2025-01-09T23:00:00.000Z,USDC,0.999988,1126
2025-01-09T23:00:00.000Z,USDC,0.999091,1127
2025-01-09T23:00:00.000Z,USDT,1.0,1128
2025-01-09T23:00:00.000Z,ZRO,4.57,1129
2025-01-09T22:00:00.000Z,ARB,0.739742,1130
2025-01-09T22:00:00.000Z,CRV,0.801197,1131
2025-01-09T22:00:00.000Z,DAI,0.997968,1132
2025-01-09T22:00:00.000Z,LAVA,0.17183,1133
2025-01-09T22:00:00.000Z,MAGIC,0.460502,1134
2025-01-09T22:00:00.000Z,STG,0.418197,1135
2025-01-09T22:00:00.000Z,USDC,1.0,1136
2025-01-09T22:00:00.000Z,USDC,0.999599,1137
2025-01-09T22:00:00.000Z,USDT,1.001,1138
2025-01-09T22:00:00.000Z,ZRO,4.57,1139
2025-01-09T21:00:00.000Z,ARB,0.741096,1140
2025-01-09T21:00:00.000Z,CRV,0.799488,1141
2025-01-09T21:00:00.000Z,DAI,0.99711,1142
2025-01-09T21:00:00.000Z,LAVA,0.173774,1143
2025-01-09T21:00:00.000Z,MAGIC,0.461886,1144
2025-01-09T21:00:00.000Z,STG,0.417969,1145
2025-01-09T21:00:00.000Z,USDC,0.999955,1146
2025-01-09T21:00:00.000Z,USDC,0.995765,1147
2025-01-09T21:00:00.000Z,USDT,0.996235,1148
2025-01-09T21:00:00.000Z,ZRO,4.59,1149
2025-01-09T20:00:00.000Z,ARB,0.756903,1150
2025-01-09T20:00:00.000Z,CRV,0.817489,1151
2025-01-09T20:00:00.000Z,DAI,0.9995,1152
2025-01-09T20:00:00.000Z,LAVA,0.178105,1153
2025-01-09T20:00:00.000Z,MAGIC,0.474567,1154
2025-01-09T20:00:00.000Z,STG,0.426708,1155
2025-01-09T20:00:00.000Z,USDC,1.0,1156
2025-01-09T20:00:00.000Z,USDC,0.999971,1157
2025-01-09T20:00:00.000Z,USDT,0.999437,1158
2025-01-09T20:00:00.000Z,ZRO,4.69,1159
2025-01-09T19:00:00.000Z,ARB,0.751111,1160
2025-01-09T19:00:00.000Z,CRV,0.816085,1161
2025-01-09T19:00:00.000Z,DAI,0.998306,1162
2025-01-09T19:00:00.000Z,LAVA,0.177689,1163
2025-01-09T19:00:00.000Z,MAGIC,0.470283,1164
2025-01-09T19:00:00.000Z,STG,0.434993,1165
2025-01-09T19:00:00.000Z,USDC,0.999904,1166
2025-01-09T19:00:00.000Z,USDC,0.994437,1167
2025-01-09T19:00:00.000Z,USDT,0.997638,1168
2025-01-09T19:00:00.000Z,ZRO,4.68,1169
2025-01-09T18:00:00.000Z,ARB,0.774052,1170
2025-01-09T18:00:00.000Z,CRV,0.83723,1171
2025-01-09T18:00:00.000Z,DAI,1.0,1172
2025-01-09T18:00:00.000Z,LAVA,0.177583,1173
2025-01-09T18:00:00.000Z,MAGIC,0.486686,1174
2025-01-09T18:00:00.000Z,STG,0.439796,1175
2025-01-09T18:00:00.000Z,USDC,0.999904,1176
2025-01-09T18:00:00.000Z,USDC,1.001,1177
2025-01-09T18:00:00.000Z,USDT,1.0,1178
2025-01-09T18:00:00.000Z,ZRO,4.82,1179
2025-01-09T17:00:00.000Z,ARB,0.78011,1180
2025-01-09T17:00:00.000Z,CRV,0.848522,1181
2025-01-09T17:00:00.000Z,DAI,1.002,1182
2025-01-09T17:00:00.000Z,LAVA,0.180951,1183
2025-01-09T17:00:00.000Z,MAGIC,0.484791,1184
2025-01-09T17:00:00.000Z,STG,0.437383,1185
2025-01-09T17:00:00.000Z,USDC,1.004,1186
2025-01-09T17:00:00.000Z,USDC,0.999991,1187
2025-01-09T17:00:00.000Z,USDT,0.997957,1188
2025-01-09T17:00:00.000Z,ZRO,4.8,1189
2025-01-09T16:00:00.000Z,ARB,0.750096,1190
2025-01-09T16:00:00.000Z,CRV,0.801011,1191
2025-01-09T16:00:00.000Z,DAI,1.001,1192
2025-01-09T16:00:00.000Z,LAVA,0.167715,1193
2025-01-09T16:00:00.000Z,MAGIC,0.465332,1194
2025-01-09T16:00:00.000Z,STG,0.411837,1195
2025-01-09T16:00:00.000Z,USDC,0.999965,1196
2025-01-09T16:00:00.000Z,USDC,1.002,1197
2025-01-09T16:00:00.000Z,USDT,1.001,1198
2025-01-09T16:00:00.000Z,ZRO,4.61,1199
2025-01-09T15:00:00.000Z,ARB,0.744518,1200
2025-01-09T15:00:00.000Z,CRV,0.798547,1201
2025-01-09T15:00:00.000Z,DAI,0.998699,1202
2025-01-09T15:00:00.000Z,LAVA,0.172482,1203
2025-01-09T15:00:00.000Z,MAGIC,0.470199,1204
2025-01-09T15:00:00.000Z,STG,0.414845,1205
2025-01-09T15:00:00.000Z,USDC,0.999084,1206
2025-01-09T15:00:00.000Z,USDC,0.999945,1207
2025-01-09T15:00:00.000Z,USDT,1.0,1208
2025-01-09T15:00:00.000Z,ZRO,4.62,1209
2025-01-09T14:00:00.000Z,ARB,0.762429,1210
2025-01-09T14:00:00.000Z,CRV,0.825574,1211
2025-01-09T14:00:00.000Z,DAI,0.999855,1212
2025-01-09T14:00:00.000Z,LAVA,0.174839,1213
2025-01-09T14:00:00.000Z,MAGIC,0.482433,1214
2025-01-09T14:00:00.000Z,STG,0.427508,1215
2025-01-09T14:00:00.000Z,USDC,0.999916,1216
2025-01-09T14:00:00.000Z,USDC,0.995809,1217
2025-01-09T14:00:00.000Z,USDT,0.999293,1218
2025-01-09T14:00:00.000Z,ZRO,4.73,1219
2025-01-09T13:00:00.000Z,ARB,0.76323,1220
2025-01-09T13:00:00.000Z,CRV,0.827798,1221
2025-01-09T13:00:00.000Z,DAI,1.001,1222
2025-01-09T13:00:00.000Z,LAVA,0.181112,1223
2025-01-09T13:00:00.000Z,MAGIC,0.485972,1224
2025-01-09T13:00:00.000Z,STG,0.420984,1225
2025-01-09T13:00:00.000Z,USDC,1.0,1226
2025-01-09T13:00:00.000Z,USDC,0.999999,1227
2025-01-09T13:00:00.000Z,USDT,0.999022,1228
2025-01-09T13:00:00.000Z,ZRO,4.74,1229
2025-01-09T12:00:00.000Z,ARB,0.763043,1230
2025-01-09T12:00:00.000Z,CRV,0.830063,1231
2025-01-09T12:00:00.000Z,DAI,1.0,1232
2025-01-09T12:00:00.000Z,LAVA,0.174503,1233
2025-01-09T12:00:00.000Z,MAGIC,0.486837,1234
2025-01-09T12:00:00.000Z,STG,0.404873,1235
2025-01-09T12:00:00.000Z,USDC,1.0,1236
2025-01-09T12:00:00.000Z,USDC,0.999911,1237
2025-01-09T12:00:00.000Z,USDT,1.0,1238
2025-01-09T12:00:00.000Z,ZRO,4.74,1239
2025-01-09T11:00:00.000Z,ARB,0.768644,1240
2025-01-09T11:00:00.000Z,CRV,0.839233,1241
2025-01-09T11:00:00.000Z,DAI,0.997759,1242
2025-01-09T11:00:00.000Z,LAVA,0.177305,1243
2025-01-09T11:00:00.000Z,MAGIC,0.497606,1244
2025-01-09T11:00:00.000Z,STG,0.403844,1245
2025-01-09T11:00:00.000Z,USDC,0.999893,1246
2025-01-09T11:00:00.000Z,USDC,0.998854,1247
2025-01-09T11:00:00.000Z,USDT,0.99793,1248
2025-01-09T11:00:00.000Z,ZRO,4.77,1249
2025-01-09T10:00:00.000Z,ARB,0.766324,1250
2025-01-09T10:00:00.000Z,CRV,0.846817,1251
2025-01-09T10:00:00.000Z,DAI,0.999311,1252
2025-01-09T10:00:00.000Z,LAVA,0.162816,1253
2025-01-09T10:00:00.000Z,MAGIC,0.491883,1254
2025-01-09T10:00:00.000Z,STG,0.404339,1255
2025-01-09T10:00:00.000Z,USDC,0.999974,1256
2025-01-09T10:00:00.000Z,USDC,0.999897,1257
2025-01-09T10:00:00.000Z,USDT,1.001,1258
2025-01-09T10:00:00.000Z,ZRO,4.76,1259
2025-01-09T09:00:00.000Z,ARB,0.758187,1260
2025-01-09T09:00:00.000Z,CRV,0.822028,1261
2025-01-09T09:00:00.000Z,DAI,0.998346,1262
2025-01-09T09:00:00.000Z,LAVA,0.16465,1263
2025-01-09T09:00:00.000Z,MAGIC,0.485096,1264
2025-01-09T09:00:00.000Z,STG,0.404951,1265
2025-01-09T09:00:00.000Z,USDC,0.997135,1266
2025-01-09T09:00:00.000Z,USDC,1.0,1267
2025-01-09T09:00:00.000Z,USDT,0.997491,1268
2025-01-09T09:00:00.000Z,ZRO,4.69,1269
2025-01-09T08:00:00.000Z,ARB,0.764476,1270
2025-01-09T08:00:00.000Z,CRV,0.841345,1271
2025-01-09T08:00:00.000Z,DAI,0.999233,1272
2025-01-09T08:00:00.000Z,LAVA,0.165944,1273
2025-01-09T08:00:00.000Z,MAGIC,0.498365,1274
2025-01-09T08:00:00.000Z,STG,0.407221,1275
2025-01-09T08:00:00.000Z,USDC,0.999926,1276
2025-01-09T08:00:00.000Z,USDC,0.999503,1277
2025-01-09T08:00:00.000Z,USDT,0.999244,1278
2025-01-09T08:00:00.000Z,ZRO,4.8,1279
2025-01-09T07:00:00.000Z,ARB,0.776388,1280
2025-01-09T07:00:00.000Z,CRV,0.84667,1281
2025-01-09T07:00:00.000Z,DAI,0.999331,1282
2025-01-09T07:00:00.000Z,LAVA,0.166707,1283
2025-01-09T07:00:00.000Z,MAGIC,0.499805,1284
2025-01-09T07:00:00.000Z,STG,0.408571,1285
2025-01-09T07:00:00.000Z,USDC,0.999976,1286
2025-01-09T07:00:00.000Z,USDC,1.001,1287
2025-01-09T07:00:00.000Z,USDT,1.001,1288
2025-01-09T07:00:00.000Z,ZRO,4.85,1289
2025-01-09T06:00:00.000Z,ARB,0.779358,1290
2025-01-09T06:00:00.000Z,CRV,0.84549,1291
2025-01-09T06:00:00.000Z,DAI,0.999731,1292
2025-01-09T06:00:00.000Z,LAVA,0.174529,1293
2025-01-09T06:00:00.000Z,MAGIC,0.502283,1294
2025-01-09T06:00:00.000Z,STG,0.409607,1295
2025-01-09T06:00:00.000Z,USDC,1.0,1296
2025-01-09T06:00:00.000Z,USDC,1.001,1297
2025-01-09T06:00:00.000Z,USDT,1.002,1298
2025-01-09T06:00:00.000Z,ZRO,4.84,1299
2025-01-09T05:00:00.000Z,ARB,0.780502,1300
2025-01-09T05:00:00.000Z,CRV,0.847413,1301
2025-01-09T05:00:00.000Z,DAI,1.0,1302
2025-01-09T05:00:00.000Z,LAVA,0.173067,1303
2025-01-09T05:00:00.000Z,MAGIC,0.501446,1304
2025-01-09T05:00:00.000Z,STG,0.406281,1305
2025-01-09T05:00:00.000Z,USDC,0.999628,1306
2025-01-09T05:00:00.000Z,USDC,0.999321,1307
2025-01-09T05:00:00.000Z,USDT,1.001,1308
2025-01-09T05:00:00.000Z,ZRO,4.83,1309
2025-01-09T04:00:00.000Z,ARB,0.788831,1310
2025-01-09T04:00:00.000Z,CRV,0.863019,1311
2025-01-09T04:00:00.000Z,DAI,0.999392,1312
2025-01-09T04:00:00.000Z,LAVA,0.174292,1313
2025-01-09T04:00:00.000Z,MAGIC,0.507415,1314
2025-01-09T04:00:00.000Z,STG,0.413204,1315
2025-01-09T04:00:00.000Z,USDC,1.0,1316
2025-01-09T04:00:00.000Z,USDC,1.0,1317
2025-01-09T04:00:00.000Z,USDT,0.999026,1318
2025-01-09T04:00:00.000Z,ZRO,4.89,1319
2025-01-09T03:00:00.000Z,ARB,0.79284,1320
2025-01-09T03:00:00.000Z,CRV,0.880372,1321
2025-01-09T03:00:00.000Z,DAI,0.99974,1322
2025-01-09T03:00:00.000Z,LAVA,0.174596,1323
2025-01-09T03:00:00.000Z,MAGIC,0.508202,1324
2025-01-09T03:00:00.000Z,STG,0.415435,1325
2025-01-09T03:00:00.000Z,USDC,0.999922,1326
2025-01-09T03:00:00.000Z,USDC,1.0,1327
2025-01-09T03:00:00.000Z,USDT,1.0,1328
2025-01-09T03:00:00.000Z,ZRO,4.91,1329
2025-01-09T02:00:00.000Z,ARB,0.788365,1330
2025-01-09T02:00:00.000Z,CRV,0.874298,1331
2025-01-09T02:00:00.000Z,DAI,0.999779,1332
2025-01-09T02:00:00.000Z,LAVA,0.172428,1333
2025-01-09T02:00:00.000Z,MAGIC,0.509568,1334
2025-01-09T02:00:00.000Z,STG,0.416629,1335
2025-01-09T02:00:00.000Z,USDC,1.0,1336
2025-01-09T02:00:00.000Z,USDC,1.001,1337
2025-01-09T02:00:00.000Z,USDT,1.001,1338
2025-01-09T02:00:00.000Z,ZRO,4.88,1339
2025-01-09T01:00:00.000Z,ARB,0.789302,1340
2025-01-09T01:00:00.000Z,CRV,0.858173,1341
2025-01-09T01:00:00.000Z,DAI,0.998078,1342
2025-01-09T01:00:00.000Z,LAVA,0.169899,1343
2025-01-09T01:00:00.000Z,MAGIC,0.509516,1344
2025-01-09T01:00:00.000Z,STG,0.428738,1345
2025-01-09T01:00:00.000Z,USDC,0.999008,1346
2025-01-09T01:00:00.000Z,USDC,0.999594,1347
2025-01-09T01:00:00.000Z,USDT,0.999286,1348
2025-01-09T01:00:00.000Z,ZRO,4.88,1349
2025-01-09T00:00:00.000Z,ARB,0.789495,1350
2025-01-09T00:00:00.000Z,CRV,0.85942,1351
2025-01-09T00:00:00.000Z,DAI,0.998746,1352
2025-01-09T00:00:00.000Z,LAVA,0.166958,1353
2025-01-09T00:00:00.000Z,MAGIC,0.506065,1354
2025-01-09T00:00:00.000Z,STG,0.428121,1355
2025-01-09T00:00:00.000Z,USDC,1.0,1356
2025-01-09T00:00:00.000Z,USDC,0.999847,1357
2025-01-09T00:00:00.000Z,USDT,1.001,1358
2025-01-09T00:00:00.000Z,ZRO,4.88,1359
2025-01-08T23:00:00.000Z,ARB,0.781812,1360
2025-01-08T23:00:00.000Z,CRV,0.851267,1361
2025-01-08T23:00:00.000Z,DAI,1.0,1362
2025-01-08T23:00:00.000Z,LAVA,0.166059,1363
2025-01-08T23:00:00.000Z,MAGIC,0.49794,1364
2025-01-08T23:00:00.000Z,STG,0.423261,1365
2025-01-08T23:00:00.000Z,USDC,1.0,1366
2025-01-08T23:00:00.000Z,USDC,1.001,1367
2025-01-08T23:00:00.000Z,USDT,1.001,1368
2025-01-08T23:00:00.000Z,ZRO,4.8,1369
2025-01-08T22:00:00.000Z,ARB,0.778279,1370
2025-01-08T22:00:00.000Z,CRV,0.852964,1371
2025-01-08T22:00:00.000Z,DAI,0.999776,1372
2025-01-08T22:00:00.000Z,LAVA,0.165493,1373
2025-01-08T22:00:00.000Z,MAGIC,0.501033,1374
2025-01-08T22:00:00.000Z,STG,0.423638,1375
2025-01-08T22:00:00.000Z,USDC,1.001,1376
2025-01-08T22:00:00.000Z,USDC,1.0,1377
2025-01-08T22:00:00.000Z,USDT,1.002,1378
2025-01-08T22:00:00.000Z,ZRO,4.78,1379
2025-01-08T21:00:00.000Z,ARB,0.782291,1380
2025-01-08T21:00:00.000Z,CRV,0.861994,1381
2025-01-08T21:00:00.000Z,DAI,1.002,1382
2025-01-08T21:00:00.000Z,LAVA,0.16386,1383
2025-01-08T21:00:00.000Z,MAGIC,0.503461,1384
2025-01-08T21:00:00.000Z,STG,0.422239,1385
2025-01-08T21:00:00.000Z,USDC,0.998502,1386
2025-01-08T21:00:00.000Z,USDC,0.998568,1387
2025-01-08T21:00:00.000Z,USDT,0.997738,1388
2025-01-08T21:00:00.000Z,ZRO,4.81,1389
2025-01-08T20:00:00.000Z,ARB,0.781092,1390
2025-01-08T20:00:00.000Z,CRV,0.831475,1391
2025-01-08T20:00:00.000Z,DAI,0.995855,1392
2025-01-08T20:00:00.000Z,LAVA,0.162557,1393
2025-01-08T20:00:00.000Z,MAGIC,0.49767,1394
2025-01-08T20:00:00.000Z,STG,0.424976,1395
2025-01-08T20:00:00.000Z,USDC,0.997031,1396
2025-01-08T20:00:00.000Z,USDC,0.99489,1397
2025-01-08T20:00:00.000Z,USDT,0.99606,1398
2025-01-08T20:00:00.000Z,ZRO,4.78,1399
2025-01-08T19:00:00.000Z,ARB,0.795322,1400
2025-01-08T19:00:00.000Z,CRV,0.81462,1401
2025-01-08T19:00:00.000Z,DAI,1.002,1402
2025-01-08T19:00:00.000Z,LAVA,0.158408,1403
2025-01-08T19:00:00.000Z,MAGIC,0.486505,1404
2025-01-08T19:00:00.000Z,STG,0.415813,1405
2025-01-08T19:00:00.000Z,USDC,1.001,1406
2025-01-08T19:00:00.000Z,USDC,1.003,1407
2025-01-08T19:00:00.000Z,USDT,1.002,1408
2025-01-08T19:00:00.000Z,ZRO,4.73,1409
2025-01-08T18:00:00.000Z,ARB,0.792589,1410
2025-01-08T18:00:00.000Z,CRV,0.829595,1411
2025-01-08T18:00:00.000Z,DAI,0.996048,1412
2025-01-08T18:00:00.000Z,LAVA,0.16099,1413
2025-01-08T18:00:00.000Z,MAGIC,0.481503,1414
2025-01-08T18:00:00.000Z,STG,0.422746,1415
2025-01-08T18:00:00.000Z,USDC,0.996824,1416
2025-01-08T18:00:00.000Z,USDC,0.999528,1417
2025-01-08T18:00:00.000Z,USDT,0.999028,1418
2025-01-08T18:00:00.000Z,ZRO,4.85,1419
2025-01-08T17:00:00.000Z,ARB,0.79941,1420
2025-01-08T17:00:00.000Z,CRV,0.845587,1421
2025-01-08T17:00:00.000Z,DAI,1.003,1422
2025-01-08T17:00:00.000Z,LAVA,0.160838,1423
2025-01-08T17:00:00.000Z,MAGIC,0.506367,1424
2025-01-08T17:00:00.000Z,STG,0.425872,1425
2025-01-08T17:00:00.000Z,USDC,1.002,1426
2025-01-08T17:00:00.000Z,USDC,1.001,1427
2025-01-08T17:00:00.000Z,USDT,1.001,1428
2025-01-08T17:00:00.000Z,ZRO,4.93,1429
2025-01-08T16:00:00.000Z,ARB,0.802903,1430
2025-01-08T16:00:00.000Z,CRV,0.850741,1431
2025-01-08T16:00:00.000Z,DAI,0.998544,1432
2025-01-08T16:00:00.000Z,LAVA,0.158533,1433
2025-01-08T16:00:00.000Z,MAGIC,0.507614,1434
2025-01-08T16:00:00.000Z,STG,0.41817,1435
2025-01-08T16:00:00.000Z,USDC,0.997915,1436
2025-01-08T16:00:00.000Z,USDC,0.998398,1437
2025-01-08T16:00:00.000Z,USDT,0.999073,1438
2025-01-08T16:00:00.000Z,ZRO,4.92,1439
2025-01-08T15:00:00.000Z,ARB,0.7999,1440
2025-01-08T15:00:00.000Z,CRV,0.852857,1441
2025-01-08T15:00:00.000Z,DAI,0.998466,1442
2025-01-08T15:00:00.000Z,LAVA,0.157028,1443
2025-01-08T15:00:00.000Z,MAGIC,0.507553,1444
2025-01-08T15:00:00.000Z,STG,0.421279,1445
2025-01-08T15:00:00.000Z,USDC,0.998593,1446
2025-01-08T15:00:00.000Z,USDC,0.999348,1447
2025-01-08T15:00:00.000Z,USDT,0.998908,1448
2025-01-08T15:00:00.000Z,ZRO,4.93,1449
2025-01-08T14:00:00.000Z,ARB,0.805775,1450
2025-01-08T14:00:00.000Z,CRV,0.854324,1451
2025-01-08T14:00:00.000Z,DAI,1.001,1452
2025-01-08T14:00:00.000Z,LAVA,0.15436,1453
2025-01-08T14:00:00.000Z,MAGIC,0.509328,1454
2025-01-08T14:00:00.000Z,STG,0.420209,1455
2025-01-08T14:00:00.000Z,USDC,1.001,1456
2025-01-08T14:00:00.000Z,USDC,1.001,1457
2025-01-08T14:00:00.000Z,USDT,0.998767,1458
2025-01-08T14:00:00.000Z,ZRO,4.91,1459
2025-01-08T13:00:00.000Z,ARB,0.801821,1460
2025-01-08T13:00:00.000Z,CRV,0.858334,1461
2025-01-08T13:00:00.000Z,DAI,1.001,1462
2025-01-08T13:00:00.000Z,LAVA,0.155741,1463
2025-01-08T13:00:00.000Z,MAGIC,0.513106,1464
2025-01-08T13:00:00.000Z,STG,0.419014,1465
2025-01-08T13:00:00.000Z,USDC,1.001,1466
2025-01-08T13:00:00.000Z,USDC,1.002,1467
2025-01-08T13:00:00.000Z,USDT,1.0,1468
2025-01-08T13:00:00.000Z,ZRO,4.93,1469
2025-01-08T12:00:00.000Z,ARB,0.806375,1470
2025-01-08T12:00:00.000Z,CRV,0.863825,1471
2025-01-08T12:00:00.000Z,DAI,0.99907,1472
2025-01-08T12:00:00.000Z,LAVA,0.15491,1473
2025-01-08T12:00:00.000Z,MAGIC,0.518608,1474
2025-01-08T12:00:00.000Z,STG,0.427054,1475
2025-01-08T12:00:00.000Z,USDC,1.0,1476
2025-01-08T12:00:00.000Z,USDC,1.001,1477
2025-01-08T12:00:00.000Z,USDT,0.999845,1478
2025-01-08T12:00:00.000Z,ZRO,4.98,1479
2025-01-08T11:00:00.000Z,ARB,0.808422,1480
2025-01-08T11:00:00.000Z,CRV,0.867639,1481
2025-01-08T11:00:00.000Z,DAI,1.0,1482
2025-01-08T11:00:00.000Z,LAVA,0.147808,1483
2025-01-08T11:00:00.000Z,MAGIC,0.519317,1484
2025-01-08T11:00:00.000Z,STG,0.42587,1485
2025-01-08T11:00:00.000Z,USDC,1.0,1486
2025-01-08T11:00:00.000Z,USDC,1.0,1487
2025-01-08T11:00:00.000Z,USDT,0.999705,1488
2025-01-08T11:00:00.000Z,ZRO,4.97,1489
2025-01-08T10:00:00.000Z,ARB,0.81229,1490
2025-01-08T10:00:00.000Z,CRV,0.875913,1491
2025-01-08T10:00:00.000Z,DAI,0.99932,1492
2025-01-08T10:00:00.000Z,LAVA,0.148367,1493
2025-01-08T10:00:00.000Z,MAGIC,0.520476,1494
2025-01-08T10:00:00.000Z,STG,0.431213,1495
2025-01-08T10:00:00.000Z,USDC,1.0,1496
2025-01-08T10:00:00.000Z,USDC,0.999964,1497
2025-01-08T10:00:00.000Z,USDT,0.999372,1498
2025-01-08T10:00:00.000Z,ZRO,5.02,1499
2025-01-08T09:00:00.000Z,ARB,0.798856,1500
2025-01-08T09:00:00.000Z,CRV,0.868768,1501
2025-01-08T09:00:00.000Z,DAI,1.0,1502
2025-01-08T09:00:00.000Z,LAVA,0.149506,1503
2025-01-08T09:00:00.000Z,MAGIC,0.515208,1504
2025-01-08T09:00:00.000Z,STG,0.42838,1505
2025-01-08T09:00:00.000Z,USDC,1.001,1506
2025-01-08T09:00:00.000Z,USDC,0.999996,1507
2025-01-08T09:00:00.000Z,USDT,1.001,1508
2025-01-08T09:00:00.000Z,ZRO,4.99,1509
2025-01-08T08:00:00.000Z,ARB,0.786093,1510
2025-01-08T08:00:00.000Z,CRV,0.856625,1511
2025-01-08T08:00:00.000Z,DAI,0.997769,1512
2025-01-08T08:00:00.000Z,LAVA,0.147427,1513
2025-01-08T08:00:00.000Z,MAGIC,0.508114,1514
2025-01-08T08:00:00.000Z,STG,0.424709,1515
2025-01-08T08:00:00.000Z,USDC,0.997774,1516
2025-01-08T08:00:00.000Z,USDC,0.99587,1517
2025-01-08T08:00:00.000Z,USDT,0.99657,1518
2025-01-08T08:00:00.000Z,ZRO,4.91,1519
2025-01-08T07:00:00.000Z,ARB,0.797543,1520
2025-01-08T07:00:00.000Z,CRV,0.881128,1521
2025-01-08T07:00:00.000Z,DAI,0.99702,1522
2025-01-08T07:00:00.000Z,LAVA,0.149553,1523
2025-01-08T07:00:00.000Z,MAGIC,0.518779,1524
2025-01-08T07:00:00.000Z,STG,0.430487,1525
2025-01-08T07:00:00.000Z,USDC,0.999108,1526
2025-01-08T07:00:00.000Z,USDC,0.997819,1527
2025-01-08T07:00:00.000Z,USDT,0.998851,1528
2025-01-08T07:00:00.000Z,ZRO,5.01,1529
2025-01-08T06:00:00.000Z,ARB,0.804314,1530
2025-01-08T06:00:00.000Z,CRV,0.88227,1531
2025-01-08T06:00:00.000Z,DAI,0.999384,1532
2025-01-08T06:00:00.000Z,LAVA,0.14682,1533
2025-01-08T06:00:00.000Z,MAGIC,0.520152,1534
2025-01-08T06:00:00.000Z,STG,0.431784,1535
2025-01-08T06:00:00.000Z,USDC,0.999494,1536
2025-01-08T06:00:00.000Z,USDC,0.999282,1537
2025-01-08T06:00:00.000Z,USDT,0.998631,1538
2025-01-08T06:00:00.000Z,ZRO,5.02,1539
2025-01-08T05:00:00.000Z,ARB,0.807922,1540
2025-01-08T05:00:00.000Z,CRV,0.88239,1541
2025-01-08T05:00:00.000Z,DAI,0.997779,1542
2025-01-08T05:00:00.000Z,LAVA,0.148264,1543
2025-01-08T05:00:00.000Z,MAGIC,0.524901,1544
2025-01-08T05:00:00.000Z,STG,0.442469,1545
2025-01-08T05:00:00.000Z,USDC,0.996935,1546
2025-01-08T05:00:00.000Z,USDC,0.998769,1547
2025-01-08T05:00:00.000Z,USDT,0.998223,1548
2025-01-08T05:00:00.000Z,ZRO,5.09,1549
2025-01-08T04:00:00.000Z,ARB,0.816324,1550
2025-01-08T04:00:00.000Z,CRV,0.899285,1551
2025-01-08T04:00:00.000Z,DAI,1.001,1552
2025-01-08T04:00:00.000Z,LAVA,0.145702,1553
2025-01-08T04:00:00.000Z,MAGIC,0.531072,1554
2025-01-08T04:00:00.000Z,STG,0.447709,1555
2025-01-08T04:00:00.000Z,USDC,0.99904,1556
2025-01-08T04:00:00.000Z,USDC,0.99997,1557
2025-01-08T04:00:00.000Z,USDT,1.0,1558
2025-01-08T04:00:00.000Z,ZRO,5.18,1559
2025-01-08T03:00:00.000Z,ARB,0.815079,1560
2025-01-08T03:00:00.000Z,CRV,0.892447,1561
2025-01-08T03:00:00.000Z,DAI,0.999395,1562
2025-01-08T03:00:00.000Z,LAVA,0.146092,1563
2025-01-08T03:00:00.000Z,MAGIC,0.5319,1564
2025-01-08T03:00:00.000Z,STG,0.450009,1565
2025-01-08T03:00:00.000Z,USDC,0.999493,1566
2025-01-08T03:00:00.000Z,USDC,0.999141,1567
2025-01-08T03:00:00.000Z,USDT,0.999334,1568
2025-01-08T03:00:00.000Z,ZRO,5.19,1569
2025-01-08T02:00:00.000Z,ARB,0.829363,1570
2025-01-08T02:00:00.000Z,CRV,0.904716,1571
2025-01-08T02:00:00.000Z,DAI,0.999494,1572
2025-01-08T02:00:00.000Z,LAVA,0.14604,1573
2025-01-08T02:00:00.000Z,MAGIC,0.542326,1574
2025-01-08T02:00:00.000Z,STG,0.459364,1575
2025-01-08T02:00:00.000Z,USDC,1.001,1576
2025-01-08T02:00:00.000Z,USDC,1.0,1577
2025-01-08T02:00:00.000Z,USDT,1.001,1578
2025-01-08T02:00:00.000Z,ZRO,5.28,1579
2025-01-08T01:00:00.000Z,ARB,0.821846,1580
2025-01-08T01:00:00.000Z,CRV,0.896506,1581
2025-01-08T01:00:00.000Z,DAI,1.0,1582
2025-01-08T01:00:00.000Z,LAVA,0.144152,1583
2025-01-08T01:00:00.000Z,MAGIC,0.535141,1584
2025-01-08T01:00:00.000Z,STG,0.460826,1585
2025-01-08T01:00:00.000Z,USDC,0.999038,1586
2025-01-08T01:00:00.000Z,USDC,0.99981,1587
2025-01-08T01:00:00.000Z,USDT,0.999109,1588
2025-01-08T01:00:00.000Z,ZRO,5.21,1589
2025-01-08T00:00:00.000Z,ARB,0.825607,1590
2025-01-08T00:00:00.000Z,CRV,0.907889,1591
2025-01-08T00:00:00.000Z,DAI,0.999038,1592
2025-01-08T00:00:00.000Z,LAVA,0.144491,1593
2025-01-08T00:00:00.000Z,MAGIC,0.53764,1594
2025-01-08T00:00:00.000Z,STG,0.461414,1595
2025-01-08T00:00:00.000Z,USDC,0.999448,1596
2025-01-08T00:00:00.000Z,USDC,0.999665,1597
2025-01-08T00:00:00.000Z,USDT,1.0,1598
2025-01-08T00:00:00.000Z,ZRO,5.23,1599
2025-01-07T23:00:00.000Z,ARB,0.82628,1600
2025-01-07T23:00:00.000Z,CRV,0.906618,1601
2025-01-07T23:00:00.000Z,DAI,1.002,1602
2025-01-07T23:00:00.000Z,LAVA,0.143581,1603
2025-01-07T23:00:00.000Z,MAGIC,0.537829,1604
2025-01-07T23:00:00.000Z,STG,0.4608,1605
2025-01-07T23:00:00.000Z,USDC,1.001,1606
2025-01-07T23:00:00.000Z,USDC,0.999908,1607
2025-01-07T23:00:00.000Z,USDT,1.001,1608
2025-01-07T23:00:00.000Z,ZRO,5.21,1609
2025-01-07T22:00:00.000Z,ARB,0.828702,1610
2025-01-07T22:00:00.000Z,CRV,0.912172,1611
2025-01-07T22:00:00.000Z,DAI,1.004,1612
2025-01-07T22:00:00.000Z,LAVA,0.1438,1613
2025-01-07T22:00:00.000Z,MAGIC,0.541284,1614
2025-01-07T22:00:00.000Z,STG,0.466647,1615
2025-01-07T22:00:00.000Z,USDC,1.002,1616
2025-01-07T22:00:00.000Z,USDC,1.002,1617
2025-01-07T22:00:00.000Z,USDT,1.001,1618
2025-01-07T22:00:00.000Z,ZRO,5.24,1619
2025-01-07T21:00:00.000Z,ARB,0.828077,1620
2025-01-07T21:00:00.000Z,CRV,0.912814,1621
2025-01-07T21:00:00.000Z,DAI,0.996915,1622
2025-01-07T21:00:00.000Z,LAVA,0.143109,1623
2025-01-07T21:00:00.000Z,MAGIC,0.541052,1624
2025-01-07T21:00:00.000Z,STG,0.465013,1625
2025-01-07T21:00:00.000Z,USDC,0.99824,1626
2025-01-07T21:00:00.000Z,USDC,0.999534,1627
2025-01-07T21:00:00.000Z,USDT,0.99916,1628
2025-01-07T21:00:00.000Z,ZRO,5.24,1629
2025-01-07T20:00:00.000Z,ARB,0.838865,1630
2025-01-07T20:00:00.000Z,CRV,0.922677,1631
2025-01-07T20:00:00.000Z,DAI,1.001,1632
2025-01-07T20:00:00.000Z,LAVA,0.143486,1633
2025-01-07T20:00:00.000Z,MAGIC,0.549178,1634
2025-01-07T20:00:00.000Z,STG,0.468891,1635
2025-01-07T20:00:00.000Z,USDC,1.001,1636
2025-01-07T20:00:00.000Z,USDC,1.001,1637
2025-01-07T20:00:00.000Z,USDT,0.997261,1638
2025-01-07T20:00:00.000Z,ZRO,5.31,1639
2025-01-07T19:00:00.000Z,ARB,0.843928,1640
2025-01-07T19:00:00.000Z,CRV,0.928111,1641
2025-01-07T19:00:00.000Z,DAI,1.002,1642
2025-01-07T19:00:00.000Z,LAVA,0.143747,1643
2025-01-07T19:00:00.000Z,MAGIC,0.555947,1644
2025-01-07T19:00:00.000Z,STG,0.471534,1645
2025-01-07T19:00:00.000Z,USDC,0.999859,1646
2025-01-07T19:00:00.000Z,USDC,1.001,1647
2025-01-07T19:00:00.000Z,USDT,1.003,1648
2025-01-07T19:00:00.000Z,ZRO,5.35,1649
2025-01-07T18:00:00.000Z,ARB,0.853776,1650
2025-01-07T18:00:00.000Z,CRV,0.93209,1651
2025-01-07T18:00:00.000Z,DAI,0.998241,1652
2025-01-07T18:00:00.000Z,LAVA,0.143603,1653
2025-01-07T18:00:00.000Z,MAGIC,0.558226,1654
2025-01-07T18:00:00.000Z,STG,0.477569,1655
2025-01-07T18:00:00.000Z,USDC,0.999354,1656
2025-01-07T18:00:00.000Z,USDC,1.0,1657
2025-01-07T18:00:00.000Z,USDT,0.99768,1658
2025-01-07T18:00:00.000Z,ZRO,5.42,1659
2025-01-07T17:00:00.000Z,ARB,0.860529,1660
2025-01-07T17:00:00.000Z,CRV,0.935602,1661
2025-01-07T17:00:00.000Z,DAI,1.004,1662
2025-01-07T17:00:00.000Z,LAVA,0.146778,1663
2025-01-07T17:00:00.000Z,MAGIC,0.55712,1664
2025-01-07T17:00:00.000Z,STG,0.469984,1665
2025-01-07T17:00:00.000Z,USDC,1.007,1666
2025-01-07T17:00:00.000Z,USDC,0.999736,1667
2025-01-07T17:00:00.000Z,USDT,1.005,1668
2025-01-07T17:00:00.000Z,ZRO,5.44,1669
2025-01-07T16:00:00.000Z,ARB,0.895038,1670
2025-01-07T16:00:00.000Z,CRV,0.976129,1671
2025-01-07T16:00:00.000Z,DAI,0.999378,1672
2025-01-07T16:00:00.000Z,LAVA,0.178318,1673
2025-01-07T16:00:00.000Z,MAGIC,0.581739,1674
2025-01-07T16:00:00.000Z,STG,0.477932,1675
2025-01-07T16:00:00.000Z,USDC,0.997809,1676
2025-01-07T16:00:00.000Z,USDC,0.997259,1677
2025-01-07T16:00:00.000Z,USDT,0.997571,1678
2025-01-07T16:00:00.000Z,ZRO,5.66,1679
2025-01-07T15:00:00.000Z,ARB,0.899692,1680
2025-01-07T15:00:00.000Z,CRV,0.979852,1681
2025-01-07T15:00:00.000Z,DAI,1.001,1682
2025-01-07T15:00:00.000Z,LAVA,0.179045,1683
2025-01-07T15:00:00.000Z,MAGIC,0.581768,1684
2025-01-07T15:00:00.000Z,STG,0.47897,1685
2025-01-07T15:00:00.000Z,USDC,0.999228,1686
2025-01-07T15:00:00.000Z,USDC,0.999097,1687
2025-01-07T15:00:00.000Z,USDT,0.999812,1688
2025-01-07T15:00:00.000Z,ZRO,5.69,1689
